Route	page	Line of route	ELR	Line of Route / Sector Description	M	Ch	M	Ch	W6A	W7	W8	W9	W9Plus	W10	W10A	W12	Notes
London-North-Western-North	1039	NW1001	LEC2	Armitage Jn (MD101) (Sectional Appendix Boundary – Rugeley North Jn	119	20	124	39	Y *	Y	Y	Y	N	Y	N	N	
London-North-Western-North	1039	NW1001	LEC2	Rugeley North Jn – Colwich Jn	124	39	127	05	Y *	Y	Y	Y	N	Y	N	N	
London-North-Western-North	1039	NW1001	LEC2	Colwich Jn – Stafford Trent Valley Jn No.1	127	05	133	06	Y *	Y	Y	Y	N	Y	N	N	
London-North-Western-North	1039	NW1001	LEC3	Stafford Trent Valley Jn No.1 – Change of ELR (Site of Former Stafford Uttoxeter line Jn No 5)	133	06	133	60	Y *	Y	Y	Y	N	Y	N	N	
London-North-Western-North	1040	NW1001	LEC4	Change of ELR (Site of Former Stafford Uttoxeter line Jn No 5) – Norton Bridge North Jn	133	60	139	00	Y *	Y	Y	Y	N	Y	N	N	
London-North-Western-North	1040	NW1001	LEC4	Norton Bridge North Jn – Basford Hall Jn	139	00	156	16	Y *	Y	Y	Y	N	Y	N	N	
London-North-Western-North	1040	NW1001	LEC4	Basford Hall Jn – Change of ELR (Basford Wood)	156	16	157	20	Y *	Y	Y	Y	N	Y	N	N	
London-North-Western-North	1040	NW1001	LEC5	Change of ELR (Basford Wood) – Crewe South Jn	157	20	157	60	Y *	Y	Y	Y	N	Y	N	N	
London-North-Western-North	1040	NW1001	LEC5	Crewe South Jn – Crewe North Jn	157	60	158	18	Y *	Y	Y	Y	N	Y	N	N	
London-North-Western-North	1040	NW1001	LEC5	Crewe North Jn – Change of ELR (Site of Former Grand Jn)	158	18	159	00	Y *	Y	Y	Y	N	Y	N	N	
London-North-Western-North	1040	NW1001	CGJ1	Change of ELR (Site of Former Grand Jn) – Hartford Jn	159	00	170	56	Y *	Y	Y	Y	N	Y	N	N	
London-North-Western-North	1040	NW1001	CGJ1	Hartford Jn – Change of ELR (Preston Brook Tunnel)	170	56	176	00	Y *	Y	Y	Y	N	Y	N	N	
London-North-Western-North	1040	NW1001	CGJ2	Change of ELR (Preston Brook Tunnel) – Acton Grange Jn	176	00	180	24	Y *	Y	Y	Y	N	Y	N	N	
London-North-Western-North	1040	NW1001	CGJ2	Acton Grange Jn – Warrington South Jn	180	24	181	76	Y *	Y	Y	Y	N	Y	N	N	
London-North-Western-North	1040	NW1001	CGJ3	Warrington South Jn – Winwick Jn	181	76	185	49	Y *	Y	Y	Y	N	Y	N	N	
London-North-Western-North	1040	NW1001	CGJ4	Winwick Jn – Golborne Jn	185	49	187	76	Y *	Y	Y	Y	N	Y	N	N	
London-North-Western-North	1040	NW1001	CGJ5	Golborne Jn – Wigan Station Jn	0	53	6	33	Y *	Y	Y	Y	N	Y	N	N	
London-North-Western-North	1040	NW1001	CGJ5	Wigan Station Jn – Farington Curve Jn	6	33	20	08	Y *	Y	Y	Y	N	Y	N	N	
London-North-Western-North	1040	NW1001	CGJ5	Farington Curve Jn – Preston Ribble Jn	20	08	21	13	Y *	Y	Y	Y	N	Y	N	N	
London-North-Western-North	1040	NW1001	CGJ5	Preston Ribble Jn – Preston (Change of ELR)	21	13	21	57	Y *	Y	Y	Y	N	Y	N	N	
London-North-Western-North	1040	NW1001	CGJ6	Preston (Change of ELR) – Preston North Jn	0	00	0	21	Y *	Y	Y	Y	N	Y	N	N	
London-North-Western-North	1040	NW1001	CGJ6	Preston North Jn – Preston Fylde Jn	0	21	0	33	Y *	Y	Y	Y	N	Y	N	N	
London-North-Western-North	1040	NW1002	RBS3	Route Boundary (MD301) (Penkridge Station) – Stafford Trent Valley Jn No.1	23	30	28	50	Y	Y	Y	Y	N	Y	N	N	
London-North-Western-North	1040	NW1003	HCM2	Buffer Stop (Silverdale Colliery End) – Madeley Chord Jn	3	27	7	36	–	N	N	N	N	N	N	N	Line Out of Use until 30 April 2016
London-North-Western-North	1040	NW1003	HCM3	Madeley Chord Jn – Madeley Jn	0	25	0	00	–	N	N	N	N	N	N	N	Line Out of Use until 30 April 2016
London-North-Western-North	1040	NW1003	HCM2	Madeley Chord Jn – End of line	7	36	8	14	–	N	N	N	N	N	N	N	Line Out of Use until 30 April 2016
London-North-Western-North	1040	NW1004	RRN2	Route Boundary (MD345) (Rugeley B Power Station Jn) – Rugeley North Jn	14	00	14	69	Y	Y	Y	Y	N	Y	Y	N	
London-North-Western-North	1040	NW1005	KCS1	Kidsgrove Jn – Crewe South Jn	0	00	8	27	Y *	Y	Y	Y	N	Y	N	N	
London-North-Western-North	1041	NW1007	SYC	Route Boundary (GW735) (Nantwich) – Gresty Green	2	60	1	18	Y	Y	Y	N	N	N	N	N	
London-North-Western-North	1041	NW1007	SYC	Gresty Green – Crewe South Jn	1	18	0	00	Y *	Y	Y	Y	N	Y	N	N	
London-North-Western-North	1041	NW1009	BHI	Basford Hall Jn – Former site of Sydney Bridge Jn (Independent lines)	156	16	158	76	Y *	Y	Y	Y	N	Y	N	N	
London-North-Western-North	1041	NW1009	CMP1	Former site of Sydney Bridge Jn – Sandbach South Jn (Independent lines)	158	76	162	28	Y *	Y	Y	Y	N	Y	N	N	
London-North-Western-North	1041	NW1011	GSG	Gresty Lane Jn – Salop Goods Jn	0	00	0	37	Y	Y	Y	Y	N	Y	N	N	
London-North-Western-North	1041	NW1013	CSG	Crewe Sorting Sidings North – Gresty Lane	157	26	157	47	Y	Y	Y	Y	N	Y	N	N	
London-North-Western-North	1041	NW1015	CIL	Salop Goods Jn – Crewe North Jn (Chester Independent lines)	157	64	158	18	Y	Y	Y	N	N	N	N	N	
London-North-Western-North	1041	NW1017	LLI	Salop Goods Jn – Crewe Coal Yard (Liverpool Independent lines)	157	71	158	73	Y	Y	Y	Y	N	Y	N	N	
London-North-Western-North	1041	NW1019	CHW1/ 2	Acton Grange Jn – Warrington South Jn (Helsby lines)	16	19	17	76	Y *	Y	Y	Y	N	Y	N	N	
London-North-Western-North	1041	NW1021	WEE	Winwick Jn – Earlestown East Jn	185	49	187	10	Y *	Y	Y	Y	N	Y	N	N	
London-North-Western-North	1041	NW1021	DSE	Earlestown East Jn – Newton-le-Willows Jn	14	75	16	19	Y	Y	Y	Y	N	Y	N	N	
London-North-Western-North	1041	NW1021	NGJ	Newton-le-Willows Jn – Golborne Jn	0	00	0	53	Y *	Y	Y	Y	N	Y	N	N	
London-North-Western-North	1041	NW1023	HOB2	Haydock Branch Jn – End of line (Former Kelbit PS)	0	00	0	53	Y	N	N	N	N	N	N	N	
London-North-Western-North	1041	NW1025	IMG	Bamfurlong Sidings Jn – Ince Moss Jn (Ince Moss Goods lines)	0	18	0	78	Y	Y	Y	Y	Y	Y	Y	Y	
London-North-Western-North	1041	NW1027	PSR1	Preston South Jn – Preston Docks Branch ELR Change	21	39	21	47	Y	N	N	N	N	N	N	N	
London-North-Western-North	1041	NW1027	PSR2	Preston Docks Branch ELR Change – Network Rail Boundary (Ribble Steam Railway)	0	00	0	40	Y	N	N	N	N	N	N	N	
London-North-Western-North	1041	NW2001	WJL1	Weaver Jn – Ditton East Jn	174	53	182	67	Y *	Y	Y	Y	N	Y	N	N	
London-North-Western-North	1041	NW2001	WJL2	Ditton East Jn – Speke East Jn	182	67	186	72	Y *	Y	Y	Y	N	Y	N	N	
London-North-Western-North	1041	NW2001	WJL3	Speke Est Jn – Edge Hill East Jn	186	72	191	75	Y *	Y	Y	Y	N	Y	N	N	
London-North-Western-North	1041	NW2001	WJL4	Edge Hill East Jn – Liverpool Lime Street	191	75	193	52	Y *	N	N	N	N	N	N	N	
London-North-Western-North	1041	NW2003	RDB	Runcorn – Network Rail Boundary (Runcorn Dock Branch)	0	02	0	69	Y	Y	Y	Y	N	Y	N	N	
London-North-Western-North	1041	NW2005	SCR	Speke East Jn – Garston Jn	22	59	23	52	Y *	Y	Y	Y	N	Y	N	N	
London-North-Western-North	1041	NW2007	AEG	Allerton East Jn – Garston Jn	0	00	0	28	Y	Y	Y	Y	N	Y	N	N	
London-North-Western-North	1042	NW2009	SDJ2	End of line (Latchford) – Ditton East Jn	10	06	18	55	Y *	Y	Y	Y	N	Y	N	N	
London-North-Western-North	1042	NW2011	WOA1	Walton Old Jn – Arpley Jn	0	68	0	00	Y	Y	Y	Y	N	Y	N	N	
London-North-Western-North	1042	NW2015	DSE	Ordsall Lane Jn – Newton-le-Willows Jn	30	38	16	19	Y *	Y	Y	Y	Y	Y	Y	Y	
London-North-Western-North	1042	NW2015	DSE	Newton-le-Willows Jn – Earlestown East Jn (Electrified section)	16	19	14	75	Y *	Y	Y	Y	N	Y	N	N	
London-North-Western-North	1042	NW2015	DSE	Earlestown East Jn – Edge Hill	14	75	1	78	Y * R1	Y	Y	Y	N	Y	R2	N	R1 * applies between between Bootle Branch Jn (1m 78ch) and Edge Hill R2 * Permitted Edge Hill to Huyton Jn only
London-North-Western-North	1042	NW2017	SCN	Eccles Station Jn – Weaste Branch Network Rail / MSC Boundary	0	00	0	54	Y	N	N	N	N	N	N	N	
London-North-Western-North	1042	NW2019	PJL	Parkside Jn – Lowton Jn (East Curve lines)	0	05	0	36	Y	Y	Y	Y	Y	Y	Y	Y	
London-North-Western-North	1042	NW2021	EEE	Earlestown South Jn – Earlestown West Jn (Liverpool Curve)	186	74	187	15	Y	Y	Y	Y	N	N	N	N	
London-North-Western-North	1042	NW2023	SBH3	Springs Branch Jn – Gerards Bridge Jn	12	54	5	66	Y *	Y	Y	N	N	Y	Y	N	
London-North-Western-North	1042	NW2023	SBH2	Gerards Bridge Jn – St Helens Station Jn	5	66	5	12	Y *	Y	Y	N	N	Y	Y	N	
London-North-Western-North	1042	NW2023	SBH1	St Helens Station Jn – Huyton Jn	5	12	0	-18	Y *	Y	Y	N	N	Y	Y	N	
London-North-Western-North	1042	NW2025	SHS1	St Helens Station Jn – Sutton Oak Network Rail Boundary	7	15	6	04	Y	N	N	N	N	N	N	N	
London-North-Western-North	1042	NW2027	SCT1/2	Edge Hill, Bootle Branch Jn –Network Rail Boundary (MDHC)	0	15	5	53	Y *	Y	Y	Y	N	Y	N	N	
London-North-Western-North	1042	NW2029	OME3	Olive Mount Jn – Edge Lane Jn	0	10	0	52	Y	Y	Y	Y	N	Y	N	N	
London-North-Western-North	1042	NW3001	CNH1	Crewe North Jn – Limit of Electrification (Crewe Steelworks)	158	18	159	41	Y *	Y	Y	N	N	N	N	N	
London-North-Western-North	1042	NW3001	CNH1	Limit of Electrification (Crewe Steelworks) – Chester East Jn	159	41	178	66	Y	N	N	N	N	N	N	N	
London-North-Western-North	1042	NW3001	CNH2	Chester East Jn – Change of ELR (Chester Windmill Lane Tunnel)	178	66	179	56	Y *	Y	Y	N	N	N	N	N	
London-North-Western-North	1042	NW3001	CNH3	Change of ELR (Chester Windmill Lane Tunnel) – Route Boundary LNW / Wales (Rockcliffe Hall)	179	56	188	40	Y *	Y	Y	N	N	N	N	N	
London-North-Western-North	1042	NW3001	CNH3	Route Boundary LNW / Wales (Rockcliffe Hall) – Holyhead	188	40	263	56	Y *	N	N	N	N	N	N	N	
London-North-Western-North	1043	NW3003	CHW1	Chester East Jn – Acton Grange Jn	0	24	16	19	Y *	Y	N	N	N	N	N	N	
London-North-Western-North	1044	NW3005	WSJ2	Sectional Appendix Boundary (GW731) – Route Boundary Wales / LNW including ‘Up & Down’ loop Wrexham General ELR WDB1	199	00	202	60	Y *	N	N	N	N	N	N	N	
London-North-Western-North	1044	NW3005	WSJ2	Route Boundary Wales / LNW – Saltney Jn	202	60	212	06	Y *	N	N	N	N	N	N	N	
London-North-Western-North	1044	NW3007	WDB1	Wrexham Central – Wrexham Exchange Jn	0	16	0	68	Y * R1	Y	N	N	N	N	N	N	R1 * applies between Wrexham General (0m 49ch) and Wrexham Exchange Jn
London-North-Western-North	1044	NW3007	WDB1	Wrexham Exchange Jn – Change of RA at 13m 20ch (South end of Hawarden Bridge)	0	68	13	20	Y *	Y	N	N	N	N	N	N	
London-North-Western-North	1044	NW3007	WDB1	Change of RA at 13m 20ch (South end of Hawarden Bridge) – Change of ELR	13	20	13	33	Y *	Y	N	N	N	N	N	N	
London-North-Western-North	1044	NW3007	WDB2	Change of ELR (Hawarden Bridge) – Change of ELR (Site of Former Dee Marsh Jn West)	14	15	14	00	Y *	Y	N	N	N	N	N	N	
London-North-Western-North	1044	NW3007	WDB3	Change of ELR (Site of Former Dee Marsh Jn West) – Route Boundary Wales / LNW (Burton Point)	14	00	11	00	Y *	Y	N	N	N	N	N	N	
London-North-Western-North	1044	NW3007	WDB3	Route Boundary Wales / LNW (Burton Point) – Bidston Dee Jn	11	00	0	08	Y *	Y	N	N	N	N	N	N	
London-North-Western-North	1044	NW3009	CVS	Chester North Jn – Chester South Jn	0	36	0	13	Y	Y	Y	N	N	N	N	N	
London-North-Western-North	1044	NW3011	CRR1	Chester West Jn – Hooton South Jn	0	16	7	68	Y *	N	N	N	N	N	N	N	
London-North-Western-North	1044	NW3013	HHJ	Hooton South Jn – Ellesmere Port (Limit of DC electrification)	0	02	3	44	Y	N	N	N	N	N	N	N	
London-North-Western-North	1044	NW3013	HHJ	Ellesmere Port (Limit of DC electrification) – Helsby Jn	3	44	8	67	Y *	Y	N	N	N	N	N	N	
London-North-Western-North	1044	NW3015	LJT1	Llandudno Jn – Blaenau Ffestiniog, End of line	0	30	27	53	Y *	N	N	N	N	N	N	N	
London-North-Western-North	1044	NW3017	LLJ	Llandudno Jn – Llandudno	0	03	3	14	Y *	N	N	N	N	N	N	N	
London-North-Western-North	1044	NW3019	GLA	Gaerwen Jn – Amlwch (Network Rail Boundary)	0	00	17	37	–	–	–	–	–	–	–	–	Line Out of Use
London-North-Western-North	1044	NW3021	FJH	Frodsham Jn – Halton Jn	1	54	0	00	Y	Y	Y	N	N	N	N	N	
London-North-Western-North	1044	NW3023	EJN	Edgeley Jn – Northenden Jn	0	00	3	68	Y	N	N	N	N	N	N	N	
London-North-Western-North	1044	NW3023	WJP1	Northenden Jn – Skelton Jn	33	52	30	12	Y *	Y	N	N	N	N	N	N	
London-North-Western-North	1044	NW3023	SJD	Skelton Jn – Deansgate Jn	0	00	0	33	Y *	Y	N	N	N	N	N	N	
London-North-Western-North	1044	NW3023	CDM1	Deansgate Jn – Change of ELR (Altrincham)	7	05	8	00	Y *	Y	N	N	N	N	N	N	
London-North-Western-North	1045	NW3023	CDM2	Change of ELR (Altrincham) – Mickle Trafford Jn	7	69	35	40	Y *	Y	N	N	N	N	N	N	
London-North-Western-North	1045	NW3025	WJP1	Skelton Jn – Partington Jn Network Rail Boundary	30	12	27	20	–	N	N	N	N	N	N	N	Line Out of Use
London-North-Western-North	1045	NW3027	CDM1	Network Rail Boundary (Metrolink) – Deansgate Jn	6	77	7	05	–	–	–	–	–	–	–	–	Manchester Metrolink lines
London-North-Western-North	1045	NW3027	CDM1	Deansgate Jn – Altrincham	7	05	8	00	–	–	–	–	–	–	–	–	Manchester Metrolink lines
London-North-Western-North	1045	NW3029	SNJ	Sandbach North Jn – Northwich West Jn	0	00	8	64	Y *	Y	N	N	N	N	N	N	
London-North-Western-North	1045	NW3031	NSN	Northwich South Jn – Northwich Station Jn	8	37	8	66	Y	Y	N	N	N	N	N	N	
London-North-Western-North	1045	NW3033	HEG	Hartford East Jn – Hartford North Jn (East Goods line)	21	67	22	10	Y	Y	N	N	N	N	N	N	
London-North-Western-North	1045	NW3035	HWG	Hartford West Jn – Hartford North Jn (West Goods line)	0	11	0	29	Y	Y	N	N	N	N	N	N	
London-North-Western-North	1045	NW3037	HCN	Hartford CLC Jn – Hartford Jn	0	72	0	16	Y	Y	Y	Y	Y	Y	Y	Y	
London-North-Western-North	1045	NW4001	CGJ5	Preston Ribble Jn – Preston	21	13	21	57	Y *	Y	Y	Y	N	Y	N	N	
London-North-Western-North	1045	NW4001	CGJ6	Preston – Preston North Jn	0	00	0	21	Y *	Y	Y	Y	N	Y	N	N	
London-North-Western-North	1045	NW4001	CGJ6	Preston North Jn – Preston Fylde Jn	0	21	0	33	Y *	Y	Y	Y	N	Y	N	N	
London-North-Western-North	1045	NW4001	CGJ6	Preston Fylde Jn – Lancaster	0	33	20	78	Y *	Y	Y	Y	N	Y	N	N	
London-North-Western-North	1045	NW4001	CGJ7	Lancaster – Carnforth North Jn	0	00	6	08	Y *	Y	Y	Y	N	Y	N	N	
London-North-Western-North	1045	NW4001	CGJ7	Carnforth North Jn – Oxenholme	6	08	19	11	Y *	Y	Y	Y	N	Y	N	N	
London-North-Western-North	1045	NW4001	CGJ7	Oxenholme – Upperby Jn	19	11	68	23	Y *	Y	Y	Y	N	Y	N	N	
London-North-Western-North	1045	NW4001	CGJ7	Upperby Jn – Carlisle	68	23	69	09	Y *	Y	Y	Y	N	Y	N	N	
London-North-Western-North	1045	NW4001	UCJ	Upperby Bridge Jn – Upperby Jn	0	00	0	38	Y	Y	Y	Y	N	Y	N	N	
London-North-Western-North	1045	NW4001	WCM1	Carlisle – Mossband Jn (Including Kingmoor Yard Goods lines)	0	00	7	57	Y *	Y	Y	Y	N	Y	N	N	
London-North-Western-North	1045	NW4001	WCM1	Mossband Jn – Gretna Jn	7	57	8	57	Y *	Y	Y	Y	N	Y	N	N	
London-North-Western-North	1045	NW4001	WCM1	Gretna Jn – Route Boundary (SC001)	8	57	12	30	Y *	Y	Y	Y	N	Y	N	N	
London-North-Western-North	1045	NW4003	PDB	Preston Fylde Jn – End of line	0	00	1	59	–	–	–	–	–	–	–	–	Line Out of Use
London-North-Western-North	1045	NW4005	PBN	Preston Fylde Jn – Kirkham North Jn	0	33	8	28	Y *	N	N	N	N	N	N	N	
London-North-Western-North	1045	NW4005	PBN	Kirkham North Jn – Poulton Jn	8	28	14	40	Y *	N	N	N	N	N	N	N	
London-North-Western-North	1045	NW4005	PBN	Poulton Jn – Blackpool North	14	40	17	49	Y *	N	N	N	N	N	N	N	
London-North-Western-North	1045	NW4007	KBS1	Kirkham North Jn – Blackpool South	8	28	20	00	Y *	N	N	N	N	N	N	N	
London-North-Western-North	1045	NW4009	WPS	Poulton – Burn Naze (End of Branch)	14	40	18	08	–	N	N	N	N	N	N	N	Line Out of Use (Temporary)
London-North-Western-North	1046	NW4011	MSM	Morecambe South Jn – Morecambe Buffer Stops	0	00	2	12	Y *	Y	Y	N	N	N	N	N	
London-North-Western-North	1046	NW4013	HBL	Hest Bank Jn – Bare Lane Jn	0	00	1	30	Y	Y	Y	N	N	N	N	N	
London-North-Western-North	1046	NW4017	MHH	Morecambe Jn – Heysham Port	0	00	4	01	Y *	Y	Y	N	N	N	N	N	
London-North-Western-North	1046	NW4019	OXW	Oxenholme – Windermere	0	00	10	15	Y	N	N	N	N	N	N	N	
London-North-Western-North	1046	NW4021	UCJ	Upperby Jn – Bog Jn	0	38	1	07	Y	Y	Y	Y	Y	Y	Y	Y	
London-North-Western-North	1046	NW4021	UCJ	Bog Jn – Rome Street Jn	1	07	1	23	Y	Y	N	N	N	N	N	N	
London-North-Western-North	1046	NW4023	ULR	Upperby Jn – London Road Jn	0	00	0	34	Y	Y	Y	Y	Y	Y	Y	Y	
London-North-Western-North	1046	NW4025	MCG	Currock Jn – Change of ELR (Site of Former Forks Jn)	0	00	0	29	Y	Y	Y	Y	N	Y	Y	Y	
London-North-Western-North	1046	NW4025	SCG	Change of ELR (Site of Former Forks Jn) – Bog Jn	0	29	0	44	Y	Y	Y	Y	N	Y	Y	Y	
London-North-Western-North	1046	NW4027	BSN	Bruntill Branch Jn – Stainton Jn via Down and Up Brunthill Branch Siding	0	66	0	2	Y	Y	Y	Y	N	Y	N	N	
London-North-Western-North	1046	NW4027	ETC	End of line Buffer Stops – Network Rail Boundary / Brunthill via Down and Up Brunthill line	96	6	95	6	Y	Y	Y	Y	N	Y	N	N	
London-North-Western-North	1046	NW4029	GJH	Mossband Jn – Network Rail Boundary	3	02	0	24	–	–	–	–	–	–	–	–	Line Out of Use
London-North-Western-North	1046	NW4031	GSW	Gretna Jn – Route Boundary (SC031)	116	13	115	40	Y	Y	Y	N	N	N	N	N	
London-North-Western-North	1046	NW4033	CBC1	Carnforth North Jn – Carnforth Station Jn	0	19	0	38	Y *	N	N	N	N	N	N	N	
London-North-Western-North	1046	NW4033	CBC1	Carnforth Station Jn – Limit of Electrification (Carnforth)	0	38	0	60	Y *	N	N	N	N	N	N	N	
London-North-Western-North	1046	NW4033	CBC1	Limit of Electrification (Carnforth) – Whitehaven	0	60	74	66	Y *	N	N	N	N	N	N	N	
London-North-Western-North	1046	NW4033	CBC1	Whitehaven – Bransty SB (Change of ELR)	74	66	74	73	Y *	N	N	N	N	N	N	N	
London-North-Western-North	1046	NW4033	CBC2	Bransty SB (Change of ELR) – Change of ELR (Maryport)	0	16	12	05	Y *	S1	S1	N	N	N	N	N	S1 Between Workington Main No.2 SB (6m 53ch) and Change of ELR (Maryport) the following combinations are permitted to run: Up to 2665(h), S21 TT x 2500(w) on FAA, FKA, IKA wagons 2595(h), S11 TT, S14 FT x 2500(w) on IFA, FIA wagons
London-North-Western-North	1047	NW4033	CBC3	Change of ELR (Maryport) – Carlisle South Jn	0	00	27	49	Y *	S1	S1	N	N	N	N	N	S1 The following combinations are permitted to run: Up to 2665(h), S21 TT x 2500(w) on FAA, FKA, IKA wagons 2595(h), S11 TT, S14 FT x 2500(w) on IFA, FIA wagons
London-North-Western-North	1047	NW4041	DAP	Dalton Jn – Park South Jn	0	00	0	76	Y	Y	Y	Y	Y	Y	Y	Y	
London-North-Western-North	1047	NW5001	CMP1	Crewe North Jn – Sandbach North Jn	158	17	162	62	Y *	Y	Y	Y	N	Y	N	N	
London-North-Western-North	1047	NW5001	CMP1	Sandbach North Jn – Wilmslow South Jn	162	62	176	53	Y *	Y	Y	Y	N	Y	N	N	
London-North-Western-North	1047	NW5001	CMP1	Wilmslow South Jn – Cheadle Hulme North Jn	176	53	180	67	Y *	Y	Y	Y	N	Y	N	N	
London-North-Western-North	1047	NW5001	CMP1	Cheadle Hulme North Jn – Edgeley Jn No.1	180	67	182	36	Y *	Y	Y	Y	N	Y	N	N	
London-North-Western-North	1047	NW5001	CMP2	Edgeley Jn No.1 – Edgeley Jn	182	36	182	59	Y *	Y	Y	Y	N	Y	N	N	
London-North-Western-North	1047	NW5001	CMP2	Edgeley Jn – Slade Lane Jn	182	59	186	46	Y *	Y	Y	Y	N	Y	N	N	
London-North-Western-North	1047	NW5001	CMP2	Slade Lane Jn – Ardwick Jn	186	46	188	08	Y *	Y	Y	Y	N	Y	N	N	
London-North-Western-North	1047	NW5001	CMP2	Ardwick Jn – Manchester Piccadilly East Jn	188	08	188	48	Y *	Y	Y	Y	N	Y	N	N	
London-North-Western-North	1047	NW5001	CMP2	Manchester Piccadilly East Jn – Manchester Piccadilly	188	48	188	70	Y *	N	N	N	N	N	N	N	
London-North-Western-North	1047	NW5003	STY	Wilmslow South Jn – Heald Green South Jn	0	00	2	50	Y	Y	Y	Y	N	Y	N	N	
London-North-Western-North	1047	NW5003	STY	Heald Green South Jn – Heald Green North Jn	2	50	3	13	Y	Y	Y	Y	N	Y	N	N	
London-North-Western-North	1047	NW5003	STY	Heald Green North Jn – Slade Lane Jn	3	13	9	44	Y	Y	Y	Y	N	Y	N	N	
London-North-Western-North	1047	NW5005	SMA	Heald Green South Jn – Heald Green West Jn	1	48	1	10	Y	N	N	N	N	N	N	N	
London-North-Western-North	1047	NW5007	MIA	Manchester Airport – Heald Green North Jn	0	00	1	51	Y *	N	N	N	N	N	N	N	
London-North-Western-North	1047	NW5008	NBS	Norton Bridge North Jn – Stone Jn	3	57	0	00	Y	Y	Y	Y	Y	Y	Y	Y	
London-North-Western-North	1047	NW5009	CMD2	Colwich Jn – Stone Jn	38	61	20	36	Y *	Y	Y	Y	Y	Y	Y	Y	
London-North-Western-North	1047	NW5009	CMD2	Stone Jn – Stoke Jn	20	36	21	04	Y *	Y	Y	Y	Y	Y	Y	Y	
London-North-Western-North	1047	NW5009	CMD2	Stoke Jn – Glebe Street Jn	21	04	20	10	Y *	Y	Y	Y	Y	Y	Y	Y	
London-North-Western-North	1047	NW5009	CMD2	Glebe Street Jn – Change of ELR	20	10	15	65	Y *	Y	Y	Y	Y	Y	Y	Y	
London-North-Western-North	1048	NW5009	CMD1	Change of ELR – Kidsgrove Jn	13	68	16	00	Y *	Y	Y	Y	Y	Y	Y	Y	
London-North-Western-North	1048	NW5009	CMD1	Kidsgrove Jn – Macclesfield Hibel Road (Change of ELR)	13	68	0	00	Y *	Y	Y	Y	Y	Y	Y	Y	
London-North-Western-North	1048	NW5009	MCH	Macclesfield Hibel Road (Change of ELR) – Cheadle Hulme North Jn	9	37	0	00	Y *	Y	Y	Y	Y	Y	Y	Y	
London-North-Western-North	1048	NW5010	SCQ1	Glebe Street Jn – Change of Mileage	20	08	20	33	–	–	–	–	–	–	–	–	Line Out of Use
London-North-Western-North	1048	NW5010	SCQ1	Change of Mileage – Change of Mileage (Site of Former Milton Jn)	0	00	3	51	–	–	–	–	–	–	–	–	Line Out of Use
London-North-Western-North	1048	NW5010	SCQ2	Change of Mileage (Site of Former Milton Jn) – Change of Mileage (Site of Former Leek Brook Jn)	0	00	6	65	–	–	–	–	–	–	–	–	Line Out of Use
London-North-Western-North	1048	NW5010	SCQ3	Change of Mileage (Site of Former Leek Brook Jn) – Caldon Quarry	0	00	8	01	–	–	–	–	–	–	–	–	Line Out of Use
London-North-Western-North	1048	NW5011	HNS	Heaton Norris Jn – Guide Bridge Station Jn	0	00	4	73	Y * R1	Y	S1	N	N	N	N	N	R1 * applies between Heaton Norris Jn and Denton Jn (4m 13ch) S1 Between Heaton Norris Jn and Denton Jn (4m 13ch) the following combinations are permitted to run Up to: 2591(h) x 2500(w) on FEA FCA FSA/FTA wagons 2591(h) x 2500(w) on KFA wagons 2896(h) x 2500(w) on FLA wagons S16FT up to 2550(w) on KFA wagons S17FT up to 2550(w) on FEA FSA/FTA wagons
London-North-Western-North	1048	NW5012	NSS	Route Boundary (LN3505) – Stoke Jn	1	40	0	00	Y	Y	N	N	N	N	N	N	
London-North-Western-North	1048	NW5013	DJO1	Denton Jn – Change of Mileage (Site of Former Crowthorne Jn)	4	10	5	28	Y *	Y	Y	N	N	N	N	N	
London-North-Western-North	1048	NW5013	DJO2	Change of Mileage (Site of Former Crowthorne Jn) – Change of Mileage (Site of Former Ashton Moss South Jn)	0	53	1	19	Y *	Y	Y	N	N	N	N	N	
London-North-Western-North	1048	NW5013	AMJ	Change of Mileage (Site of Former Ashton Moss South Jn) – Ashton Moss North Jn	0	00	0	40	Y *	Y	Y	N	N	N	N	N	
London-North-Western-North	1048	NW5015	HAJ	Hadfield – Dinting East Jn	12	61	12	00	Y *	N	N	N	N	N	N	N	
London-North-Western-North	1048	NW5015	HAJ	Dinting East Jn – Dinting West Jn	12	00	11	66	Y *	N	N	N	N	N	N	N	
London-North-Western-North	1049	NW5015	HAJ	Dinting West Jn – Hyde Jn	11	66	6	16	Y *	N	N	N	N	N	N	N	
London-North-Western-North	1049	NW5015	HAJ	Hyde Jn – Guide Bridge West Jn	6	16	5	10	Y *	Y	Y	Y	N	N	N	N	
London-North-Western-North	1049	NW5015	HAJ	Guide Bridge West Jn – Guide Bridge Station Jn	5	10	4	73	Y *	Y	Y	Y	N	N	N	N	
London-North-Western-North	1049	NW5015	HAJ	Guide Bridge Station Jn – Ashburys East Jn	4	73	1	56	Y *	Y	Y	Y	N	N	N	N	
London-North-Western-North	1049	NW5015	HAJ	Ashburys East Jn – Ashburys West Jn	1	56	1	36	Y *	Y	Y	Y	N	N	N	N	
London-North-Western-North	1049	NW5015	HAJ	Ashburys West Jn – Ardwick Jn	1	36	0	40	Y *	Y	Y	Y	N	N	N	N	
London-North-Western-North	1049	NW5017	DSD	Dinting South Jn – Dinting East Jn	0	72	1	05	Y	N	N	N	N	N	N	N	
London-North-Western-North	1049	NW5019	GDW	Glossop – Dinting South Jn	0	01	0	72	Y *	N	N	N	N	N	N	N	
London-North-Western-North	1049	NW5019	GDW	Dinting South Jn – Dinting West Jn	0	72	1	05	Y *	N	N	N	N	N	N	N	
London-North-Western-North	1049	NW5021	SAJ	Stalybridge Jn – Guide Bridge West Jn	2	08	0	04	Y *	Y	Y	Y	N	N	N	N	
London-North-Western-North	1049	NW6001	COL	Manchester Piccadilly East Jn – Castlefield Jn	188	48	189	67	Y *	Y	Y	Y	N	Y	N	N	
London-North-Western-North	1049	NW6001	COL	Castlefield Jn – Ordsall Lane Jn	189	67	190	28	Y *	Y	Y	Y	Y	Y	Y	Y	
London-North-Western-North	1049	NW6001	OLW	Ordsall Lane Jn – Windsor Bridge South Jn	190	28	191	01	Y *	Y	Y	Y	N	N	N	N	
London-North-Western-North	1049	NW6001	MVE1	Windsor Bridge South Jn – Windsor Bridge North Jn	1	55	1	66	Y *	Y	Y	Y	N	N	N	N	
London-North-Western-North	1049	NW6001	MVE1	Windsor Bridge North Jn – Bolton West Jn	1	66	10	55	Y *	R	R	Y	N	N	N	N	
London-North-Western-North	1049	NW6001	MVE2	Bolton West Jn – Lostock Jn	10	55	13	39	Y *	Y	N	N	N	N	N	N	
London-North-Western-North	1049	NW6001	MVE2	Lostock Jn – Euxton Jn	13	39	25	31	Y *	N	N	N	N	N	N	N	
London-North-Western-North	1049	NW6003	MAJ	Castlefield Jn – Trafford Park Sidings (Limit of Electrification)	33	57	31	35	Y	Y	Y	Y	N	Y	N	N	
London-North-Western-North	1049	NW6003	MAJ	Trafford Park Sidings (Limit of Electrification) – Hunts Cross	31	35	7	07	Y * R1	Y	Y	Y	N	R2	N	N	R1 * applies between Trafford Park West Jn (31m 66ch) and Hunts Cross R2 Prohibited between Trafford Park West Jn (31m 66ch) and Hunts Cross
London-North-Western-North	1049	NW6003	MAJ	Hunts Cross – Hunts Cross West Jn	7	07	6	11	Y *	Y	Y	N	N	N	N	N	
London-North-Western-North	1049	NW6003	AHX	Hunts Cross West Jn – Allerton Jn	0	37	0	00	Y	Y	Y	Y	Y	Y	Y	Y	
London-North-Western-North	1049	NW6004	OCD	Water Street Jn – Irwell Street Jn (Change of Mileage and ELR)	190	05	190	34	Y	Y	Y	Y	N	Y	N	Y	
London-North-Western-North	1049	NW6004	DSE	Irwell Street Jn (Change of Mileage and ELR) – Deal Street Jn (Ordsall Curve lines)	30	64	31	18	Y	Y	Y	Y	N	Y	N	Y	
London-North-Western-North	1049	NW6005	MVM	Manchester Victoria East Jn – Manchester Victoria	0	09	0	00	Y *	Y	Y	Y	N	N	N	N	
London-North-Western-North	1049	NW6005	MVE1	Manchester Victoria – Deal Street Jn (Chat Moss lines)	0	00	0	32	Y *	Y	Y	Y	N	N	N	N	
London-North-Western-North	1050	NW6005	MVE1	Deal Street Jn – Windsor Bridge South Jn	0	32	1	55	Y	Y	Y	N	N	N	N	N	
London-North-Western-North	1050	NW6007	DSE	Deal Street Jn – Ordsall Lane Jn	31	18	30	38	Y	Y	Y	Y	Y	Y	Y	Y	
London-North-Western-North	1050	NW6009	WBS1	Windsor Bridge North Jn – Crow Nest Jn	1	66	14	64	Y *	N	N	N	N	N	N	N	
London-North-Western-North	1050	NW6009	WBS2	Crow Nest Jn – Wigan Station Jn	14	64	17	44	Y *	Y	N	N	N	N	N	N	
London-North-Western-North	1050	NW6009	WBS2	Wigan Station Jn – Wigan Wallgate Jn	17	44	18	04	Y *	Y	N	N	N	N	N	N	
London-North-Western-North	1050	NW6009	WBS3	Wigan Wallgate Jn – Southport	18	04	35	27	Y *	Y	R1	N	N	N	N	N	R1 Prohibited between Gathust Viaduct (exclusive) [20m 46ch] and Southport
London-North-Western-North	1050	NW6011	BBB	Bolton East Jn – Blackburn Bolton Jn	10	31	24	08	Y *	N	N	N	N	N	N	N	
London-North-Western-North	1050	NW6013	LCN	Lostock Jn – Crow Nest Jn	13	39	17	18	Y *	Y	N	N	N	N	N	N	
London-North-Western-North	1050	NW6015	WKL1	Wigan Wallgate Jn – Change of Mileage (Pemberton)	18	04	19	48	Y *	Y	N	N	N	N	N	N	
London-North-Western-North	1050	NW6015	WKL2	Change of Mileage (Pemberton) – Kirkby	19	09	29	40	Y	R1	N	N	N	N	N	N	R1 Prohibited between Knowsley Freight Terminal (28m 25ch) and Kirkby
London-North-Western-North	1050	NW7001	MVM	Manchester Victoria East Jn (Man Vic West Jn – East Jn on NW6005) – Miles Platting Jn	0	09	1	30	Y *	R1	R1	R1	N	N	N	N	R1 W7, W8 and W9 traffic is prohibited from platform 1 (bay platform)
London-North-Western-North	1050	NW7001	MPR1	Miles Platting Jn – Brewery Jn	1	30	1	52	Y *	Y	Y	N	N	N	N	N	
London-North-Western-North	1050	NW7001	MPR1	Brewery Jn – Thorpes Bridge Jn	1	52	2	17	Y *	Y *	N	N	N	N	N	N	
London-North-Western-North	1050	NW7001	MVN2	Thorpes Bridge Jn – Castleton South Jn	2	17	8	21	Y *	Y *	N	N	N	N	N	N	
London-North-Western-North	1050	NW7001	MVN2	Castleton South Jn – Castleton East Jn	8	21	8	52	Y *	Y *	N	N	N	N	N	N	
London-North-Western-North	1050	NW7001	MVN2	Castleton East Jn – Hall Royd Jn	8	52	19	61	Y *	Y *	N	N	N	N	N	N	
London-North-Western-North	1050	NW7001	MVN2	Hall Royd Jn – Route Boundary (LN854)	19	61	22	62	Y *	Y *	N	N	N	N	N	N	
London-North-Western-North	1050	NW7005	CEH	Castleton East Jn – Castleton North Jn	0	00	0	37	Y	N	N	N	N	N	N	N	
London-North-Western-North	1050	NW7005	CPI1	Castleton South Jn – Castleton North Jn	8	21	8	50	Y	N	N	N	N	N	N	N	
London-North-Western-North	1050	NW7005	CPI2	Castleton North Jn – Network Rail / East Lancashire Railway Boundary (Hopwood)	8	50	9	04	Y	N	N	N	N	N	N	N	
London-North-Western-North	1050	NW7006	SFO	Todmorden Viaduct Jn to Stansfield Hall Jn	19	30	19	47	Y	Y	Y	Y	Y	Y	Y	Y	
London-North-Western-North	1050	NW7007	FCO	Farington Curve Jn – Ormskirk	25	64	12	15	Y *	N	N	N	N	N	N	N	
London-North-Western-North	1050	NW7009	FHR1	Farington Curve Jn – Lostock Hall Depot	0	00	0	75	Y *	Y	N	N	N	N	N	N	
London-North-Western-North	1050	NW7009	FHR2	Lostock Hall Depot – Lostock Hall Jn	0	75	1	42	Y *	Y	N	N	N	N	N	N	
London-North-Western-North	1050	NW7009	FHR3	Lostock Hall Jn – Change of ELR (Site of Former Bamber Bridge Jn)	1	42	2	10	Y *	Y	N	N	N	N	N	N	
London-North-Western-North	1051	NW7009	FHR4	Change of ELR (Site of Former Bamber Bridge Jn) – Blackburn Bolton Jn	2	10	10	11	Y *	Y	N	N	N	N	N	N	
London-North-Western-North	1051	NW7009	FHR4	Blackburn Bolton Jn – Blackburn	10	11	10	42	Y *	Y	N	N	N	N	N	N	
London-North-Western-North	1051	NW7009	FHR5	Blackburn – Daisyfield Jn	10	42	11	09	Y *	Y	N	N	N	N	N	N	
London-North-Western-North	1051	NW7009	FHR5	Daisyfield Jn – Gannow Jn	11	09	21	03	Y*	N	N	N	N	N	N	N	
London-North-Western-North	1051	NW7009	FHR6	Gannow Jn – Hall Royd Jn	21	03	30	54	Y *	N	N	N	N	N	N	N	
London-North-Western-North	1051	NW7011	LHL	Farington Jn – Limit of electrification	0	00	0	56	Y	Y	Y	N	N	N	N	N	
London-North-Western-North	1051	NW7011	LHL	Limit of electrification – Lostock Hall Jn (Lostock Hall lines)	0	56	0	77	Y	Y	Y	N	N	N	N	N	
London-North-Western-North	1051	NW7013	DJH	Daisyfield Jn – Hellifield	11	09	34	68	Y *	Y	N	N	N	N	N	N	
London-North-Western-North	1051	NW7015	PRG	End of line (Padiham Power Station Sidings) – Rose Grove West Jn	1	76	0	00	–	–	–	–	–	–	–	–	Line Out of Use
London-North-Western-North	1051	NW7017	GJC	Gannow Jn – Colne	21	03	27	37	Y *	N	N	N	N	N	N	N	
London-North-Western-North	1051	NW7019	MPR2	Thorpes Bridge Jn – Network Rail Boundary (Metrolink (Down Up Boundary at 2m 32ch))	2	22	3	05	Y *	Y	N	N	N	N	N	N	
London-North-Western-North	1051	NW7021	MVM	Miles Platting – Change of ELR	1	22	1	30	Y *	Y	Y	Y	N	N	N	N	
London-North-Western-North	1051	NW7021	MVL1	Miles Platting Jn – Philips Park West Jn	1	30	1	59	Y *	Y	Y	Y	N	N	N	N	
London-North-Western-North	1051	NW7021	MVL1	Philips Park West Jn – Baguley Fold Jn	1	59	2	39	Y *	Y	Y	N	N	N	N	N	
London-North-Western-North	1051	NW7021	MVL1	Baguley Fold Jn – Ashton Moss North Jn	2	39	5	41	Y *	Y	Y	N	N	N	N	N	
London-North-Western-North	1051	NW7021	MVL1	Ashton Moss North Jn – Stalybridge Jn	5	41	7	46	Y *	S1	N	N	N	N	N	N	S1 The following combinations only are permitted to run: Up to 2438(h) x 2438(w) on FEA KFA FRA FIA IFA wagons 2603(h) x 2438(w) on IFA/FIA FKA/IKA wagons 2896(h) x 2438(w) on KTA wagons
London-North-Western-North	1051	NW7021	MVL2	Stalybridge Jn – Stalybridge Tunnel Jn	7	46	8	08	Y *	Y	Y	N	N	N	N	N	
London-North-Western-North	1051	NW7021	MVL3	Stalybridge Tunnel Jn – Route Boundary (LN860)	8	08	15	11	Y *	Y	Y	N	N	N	N	N	
London-North-Western-North	1051	NW7023	BPP	Philips Park West Jn – Brewery Jn	0	00	0	18	Y	Y	Y	N	N	N	N	N	
London-North-Western-North	1051	NW7025	PPA1	Philips Park West Jn – Philips Park South Jn	1	59	2	07	Y *	Y	Y	Y	N	N	N	N	
London-North-Western-North	1052	NW7025	PPA1	Philips Park South Jn – Change of Mileage	2	07	3	12	Y *	Y	Y	Y	N	N	N	N	
London-North-Western-North	1052	NW7025	PPA2	Change of Mileage – Ashburys West Jn	0	57	0	00	Y *	Y	Y	Y	N	N	N	N	
London-North-Western-North	1052	NW7027	PPP1	Baguley Fold Jn – Change of Mileage	2	39	2	13	Y	Y	Y	Y	N	N	N	N	
London-North-Western-North	1052	NW7027	PPP2	Change of Mileage – Philips Park South Jn	0	00	0	19	Y	Y	Y	Y	N	N	N	N	
London-North-Western-North	1052	NW8001	HXS1	Hunts Cross West Jn – Liverpool Central	6	11	0	02	Y *	N	N	N	N	N	N	N	
London-North-Western-North	1052	NW8001	HXS2	Liverpool Central – Paradise Jn	37	13	36	71	N	N	N	N	N	N	N	N	
London-North-Western-North	1052	NW8001	HXS2	Paradise Jn – Sandhills Jn	36	71	34	75	N	N	N	N	N	N	N	N	
London-North-Western-North	1052	NW8001	HXS3	Sandhills Jn – Bootle Jn	1	41	2	39	Y *	N	N	N	N	N	N	N	
London-North-Western-North	1052	NW8001	HXS3	Bootle Jn – Southport	2	39	18	35	Y *	N	N	N	N	N	N	N	
London-North-Western-North	1052	NW8003	SIL	Paradise Jn – James Street (Stock Interchange/Holding line)	0	32	0	53	N	N	N	N	N	N	N	N	
London-North-Western-North	1052	NW8005	SJO1	Sandhills Jn – Walton Jn	34	75	33	16	Y *	N	N	N	N	N	N	N	
London-North-Western-North	1052	NW8005	SJO2	Walton Jn – Ormskirk	3	20	12	13	Y *	N	N	N	N	N	N	N	
London-North-Western-North	1052	NW8007	NMM	Bootle Jn – Change of ELR (Site of Former North Mersey Jn)	2	34	3	52	–	–	–	–	–	–	–	–	Line Not in Regular Use
London-North-Western-North	1052	NW8007	NMB	Change of ELR (Site of Former North Mersey Jn) – Change of ELR (Site of Former Sefton Jn)	34	40	32	42	–	–	–	–	–	–	–	–	Line Not in Regular Use
London-North-Western-North	1052	NW8007	AFL	Change of ELR (Site of Former Sefton Jn) – Aintree Station Jn	0	00	0	40	–	–	–	–	–	–	–	–	Line Not in Regular Use
London-North-Western-North	1052	NW8009	WJK	Walton Jn – Kirkby	33	16	29	41	Y *	N	N	N	N	N	N	N	
London-North-Western-North	1052	NW8011	MIR1	Mann Island Jn – Mann Island Jn via Loop	0	00	2	12	N	N	N	N	N	N	N	N	
London-North-Western-North	1052	NW8011	MIR2	Mann Island Jn – Hamilton Square Jn	0	69	1	72	N	N	N	N	N	N	N	N	
London-North-Western-North	1052	NW8011	CWK1	Hamilton Square Jn – Change of ELR (Birkenhead Park)	1	72	3	00	N	N	N	N	N	N	N	N	
London-North-Western-North	1052	NW8011	CWK2	Change of ELR (Birkenhead Park) – Bidston East Jn	3	00	4	40	N	N	N	N	N	N	N	N	
London-North-Western-North	1052	NW8011	CWK3	Bidston East Jn – Bidston Dee Jn	4	40	4	78	Y *	N	N	N	N	N	N	N	
London-North-Western-North	1052	NW8011	CWK3	Bidston Dee Jn – West Kirby	4	78	10	46	Y *	N	N	N	N	N	N	N	
London-North-Western-North	1052	NW8013	MIR2	Canning Street Jn – Rock Ferry	1	60	3	42	N	N	N	N	N	N	N	N	
London-North-Western-North	1052	NW8013	CRR2	Rock Ferry South Jn – Hooton South Jn	13	39	7	68	Y *	N	N	N	N	N	N	N	
London-North-Western-North	1052	NW8015	BEN	Bidston East Jn – New Brighton (New Brighton lines)	4	40	7	18	Y *	N	N	N	N	N	N	N	
London-North-Western-North	1053	NW8017	CCS1/2	Network Rail Boundary (Canning Street North) – Rock Ferry South Jn	15	40	13	30	–	–	–	–	–	–	–	–	Line Out of Use
London-North-Western-North	1053	NW9001	MAS	Route Boundary (LN808) (Dore West Jn) – Chinley North Jn	154	20	174	01	Y * S1	S1	N	N	N	N	N	N	S1 The following traffic and combinations only are permitted: Up to 2438(h) x 2438(w) on FIA, IFA, FEA, FRA, KFA wagons
London-North-Western-North	1053	NW9001	TTA1	Chinley North Jn – New Mills South Jn	168	39	172	27	Y * S1	S1	N	N	N	N	N	N	S1 The following traffic and combinations only are permitted: Up to 2438(h) x 2438(w) on FIA, IFA, FEA, FRA, KFA wagons
London-North-Western-North	1053	NW9001	NMC1	New Mills South Jn – Hazel Grove High Level Jn	172	27	177	40	Y *	Y	N	N	N	N	N	N	
London-North-Western-North	1053	NW9001	HGC	Hazel Grove High Level Jn – Hazel Grove East Jn	2	62	2	35	Y *	Y	Y	N	N	N	N	N	
London-North-Western-North	1053	NW9001	BEJ	Hazel Grove East Jn (Limit of electrification) – Edgeley Jn No.1	2	35	0	00	Y	Y	Y	N	N	N	N	N	
London-North-Western-North	1053	NW9003	CYC	Chinley East Jn – Chinley South Jn (Chord line)	168	32	167	56	Y	Y	N	N	N	N	N	N	
London-North-Western-North	1053	NW9005	CNB1	Chinley North Jn – Chinley South Jn	168	39	167	56	Y *	S1	N	N	N	N	N	N	S1 The following traffic only is permitted: Up to 2438(h) x 2438(w) on FIA, IFA, FEA, FRA, KFA wagons
London-North-Western-North	1053	NW9005	CNB1	Chinley South Jn – Change of Mileage (Site of Former Peak Forest Jn)	167	56	161	05	Y *	S1	N	N	N	N	N	N	S1 The following traffic only is permitted: Up to 2438(h) x 2438(w) on FIA, IFA, FEA, FRA, KFA wagons
London-North-Western-North	1053	NW9005	CNB2	Change of Mileage (Site of Former Peak Forest Jn) – Change of Mileage (Site of Former Buxton Jn)	0	00	0	28	Y *	S1	N	N	N	N	N	N	S1 The following traffic only is permitted: Up to 2438(h) x 2438(w) on FIA, IFA, FEA, FRA, KFA wagons
London-North-Western-North	1053	NW9005	CNB3	Change of Mileage (Site of Former Buxton Jn) – Buxton SB	161	15	164	52	Y	N	N	N	N	N	N	N	
London-North-Western-North	1054	NW9005	CNB4	Buxton SB – Buxton Sidings	164	52	165	12	Y	N	N	N	N	N	N	N	
London-North-Western-North	1054	NW9007	TTA1	New Mills South Jn – Marple Wharf Jn	172	17	177	23	Y *	S1	N	N	N	N	N	N	S1 The following traffic only is permitted: Up to 2438(h) x 2438(w) on FIA, IFA, FEA, FRA, KFA wagons
London-North-Western-North	1054	NW9007	TTA1	Marple Wharf Jn – Romiley Jn	177	23	178	33	Y *	S1	N	N	N	N	N	N	S1 The following traffic only is permitted: Up to 2438(h) x 2438(w) on FIA, IFA, FEA, FRA, KFA wagons
London-North-Western-North	1054	NW9007	TTA1	Romiley Jn – Brinnington (Change of Mileage)	178	33	181	00	Y *	S1	N	N	N	N	N	N	S1 The following traffic only is permitted: Up to 2438(h) x 2438(w) on FIA, IFA, FEA, FRA, KFA wagons
London-North-Western-North	1054	NW9007	TTA2	Brinnington (Change of Mileage) – Ashburys East Jn	42	77	46	24	Y *	S1	N	N	N	N	N	N	S1 The following traffic only is permitted: Up to 2438(h) x 2438(w) on FIA, IFA, FEA, FRA, KFA wagons
London-North-Western-North	1054	NW9009	MRH	Marple Wharf Jn – Rose Hill Buffer Stop	11	02	9	78	Y	N	N	N	N	N	N	N	
London-North-Western-North	1054	NW9011	RYH1	Romiley Jn – Woodley Jn	178	33	179	44	Y *	Y	N	N	N	N	N	N	
London-North-Western-North	1054	NW9011	RYH2	Woodley Jn – Hyde Jn	8	74	6	16	Y *	Y	N	N	N	N	N	N	
London-North-Western-North	1054	NW9013	WJP1	Woodley Jn – Bredbury Sidings	40	53	39	58	Y	Y	N	N	N	N	N	N	
London-North-Western-North	1054	NW9017	NMC1/2	Hazel Grove High Level Jn – Cheadle Jn	177	40	181	71	Y *	Y	N	N	N	N	N	N	
London-North-Western-North	1054	NW9017	WJP1	Cheadle Jn – Northenden Jn	35	64	33	52	Y *	N	N	N	N	N	N	N	
London-North-Western-North	1054	NW9019	BUX	Buxton – Brigg’s Sidings	0	00	4	70	Y *	N	N	N	N	N	N	N	
London-North-Western-North	1054	NW9021	BEJ	Buxton – Hazel Grove East Jn	19	09	2	35	Y * S1	N	N	N	N	N	N	N	S1 The following traffic only is permitted: JNA, JGA and HLA wagons Qxx Zxx infrastructure traffic (except on-track machines) Conditions of travel must be sought for other freight movements
London-North-Western-North	1055	NW9901	SKW1	Route Boundary (LN922) (Gargrave) – Settle Jn	230	00	234	44	Y *	Y	N	N	N	N	N	N	
London-North-Western-North	1055	NW9901	SAC	Settle Jn – Petteril Bridge Jn	234	44	307	12	Y *	Y	N	N	N	N	N	N	
London-North-Western-North	1055	NW9901	NEC2	Petteril Bridge Jn – London Road Jn	59	26	59	45	Y	Y	N	N	N	N	N	N	
London-North-Western-North	1055	NW9901	NEC2	London Road Jn – Carlisle South Jn	59	45	60	02	Y	Y	Y	Y	Y	Y	Y	Y	
London-North-Western-North	1055	NW9903	SKW1	Settle Jn – Change of ELR (Site of former Wennington Jn)	234	44	249	44	Y *	N	N	N	N	N	N	N	
London-North-Western-North	1055	NW9903	SJC	Change of ELR (Site of former Wennington Jn) – Change of ELR (Site of former Carnforth East Jn)	9	45	0	31	Y *	N	N	N	N	N	N	N	
London-North-Western-North	1055	NW9903	CEC	Change of ELR (Site of Former Carnforth East Jn) – Carnforth Station Jn	0	25	0	04	Y	Y	Y	Y	Y	Y	Y	Y	
London-North-Western-North	1055	NW9907	WAR	Appleby North Jn – Appleby West Jn	277	27	277	56	Y	N	N	N	N	N	N	N	Line Not in Regular Use
London-North-Western-North	1055	NW9907	EDE	Network Rail Boundary (Warcop) – End of line	11	03	11	46	Y	N	N	N	N	N	N	N	Line Not in Regular Use
London-North-Western-North	1055	NW9909	NEC2	Route Boundary (LN682) (Scotby) – Petteril Bridge Jn	58	00	59	26	Y	Y	Y	Y	Y	Y	Y	Y	
London-North-Western-North	1055	NW9911	NGD	London Road Jn – Bog Jn (Newcastle Goods lines)	0	00	0	25	Y *	Y	Y	Y	Y	Y	Y	Y	
London-North-Western-North	1056	NW1001	LEC2	Armitage Jn (MD101) (Sectional Appendix Boundary – Rugeley North Jn	119	20	124	39	N	N	N	N	N	N	N	
London-North-Western-North	1056	NW1001	LEC2	Rugeley North Jn – Colwich Jn	124	39	127	05	N	N	N	N	N	N	N	
London-North-Western-North	1056	NW1001	LEC2	Colwich Jn – Stafford Trent Valley Jn No.1	127	05	133	06	N	N	N	N	N	N	N	
London-North-Western-North	1056	NW1001	LEC3	Stafford Trent Valley Jn No.1 – Change of ELR (Site of former Stafford Uttoxeter line Jn No 5)	133	06	133	60	N	N	N	N	N	N	N	
London-North-Western-North	1056	NW1001	LEC4	Change of ELR (Site of former Stafford Uttoxeter line Jn No 5) – Norton Bridge North Jn	133	60	139	00	N	N	N	N	N	N	N	
London-North-Western-North	1056	NW1001	LEC4	Norton Bridge North Jn – Basford Hall Jn	139	00	156	16	N	N	N	N	N	N	N	
London-North-Western-North	1056	NW1001	LEC4	Basford Hall Jn – Change of ELR (Basford Wood)	156	16	157	20	N	N	N	N	N	N	N	
London-North-Western-North	1056	NW1001	LEC5	Change of ELR (Basford Wood) – Crewe South Jn	157	20	157	60	N	N	N	N	N	N	N	
London-North-Western-North	1056	NW1001	LEC5	Crewe South Jn – Crewe North Jn	157	60	158	18	N	N	N	N	N	N	N	
London-North-Western-North	1056	NW1001	LEC5	Crewe North Jn – Change of ELR (Site of former Grand Jn)	158	18	159	00	N	N	N	N	N	N	N	
London-North-Western-North	1056	NW1001	CGJ1	Change of ELR (Site of former Grand Jn) – Hartford Jn	159	00	170	56	N	N	N	N	N	N	N	
London-North-Western-North	1056	NW1001	CGJ1	Hartford Jn – Change of ELR (Preston Brook Tunnel)	170	56	176	00	N	N	N	N	N	N	N	
London-North-Western-North	1056	NW1001	CGJ2	Change of ELR (Preston Brook Tunnel) – Acton Grange Jn	176	00	180	24	N	N	N	N	N	N	N	
London-North-Western-North	1056	NW1001	CGJ2	Acton Grange Jn – Warrington South Jn	180	24	181	76	N	N	N	N	N	N	N	
London-North-Western-North	1056	NW1001	CGJ3	Warrington South Jn – Winwick Jn	181	76	185	49	N	N	N	N	N	N	N	
London-North-Western-North	1056	NW1001	CGJ4	Winwick Jn – Golborne Jn	185	49	187	76	N	N	N	N	N	N	N	
London-North-Western-North	1056	NW1001	CGJ5	Golborne Jn – Wigan Station Jn	0	53	6	33	N	N	N	N	N	N	N	
London-North-Western-North	1056	NW1001	CGJ5	Wigan Station Jn – Farington Curve Jn	6	33	20	08	N	N	N	N	N	N	N	
London-North-Western-North	1057	NW1001	CGJ5	Farington Curve Jn – Preston Ribble Jn	20	08	21	13	N	N	N	N	N	N	N	
London-North-Western-North	1057	NW1001	CGJ5	Preston Ribble Jn – Preston (Change of ELR)	21	13	21	57	N	N	N	N	N	N	N	
London-North-Western-North	1057	NW1001	CGJ6	Preston (Change of ELR) – Preston North Jn	0	00	0	21	N	N	N	N	N	N	N	
London-North-Western-North	1057	NW1001	CGJ6	Preston North Jn – Preston Fylde Jn	0	21	0	33	N	N	N	N	N	N	N	
London-North-Western-North	1057	NW1002	RBS3	Route Boundary (MD301) (Penkridge Station) – Stafford Trent Valley Jn No.1	23	30	28	50	N	N	N	N	N	N	N	
London-North-Western-North	1057	NW1003	HCM2	Buffer Stop (Silverdale Colliery End) – Madeley Chord Jn	3	27	7	36	N	N	N	N	N	N	N	
London-North-Western-North	1057	NW1003	HCM3	Madeley Chord Jn – Madeley Jn	0	25	0	00	N	N	N	N	N	N	N	
London-North-Western-North	1057	NW1003	HCM2	Madeley Chord Jn – End of line	7	36	8	14	N	N	N	N	N	N	N	
London-North-Western-North	1057	NW1004	RRN2	Route Boundary (MD345) (Rugeley B Power Station Jn) – Rugeley North Jn	14	00	14	69	N	N	N	N	N	N	N	
London-North-Western-North	1057	NW1005	KCS1	Kidsgrove Jn – Crewe South Jn	0	00	8	27	N	N	N	N	N	N	N	
London-North-Western-North	1057	NW1007	SYC	Route Boundary (GW735) (Nantwich) – Gresty Green	2	60	1	18	N	N	N	N	N	N	N	
London-North-Western-North	1057	NW1007	SYC	Gresty Green – Crewe South Jn	1	18	0	00	N	N	N	N	N	N	N	
London-North-Western-North	1057	NW1009	BHI	Basford Hall Jn – Former site of Sydney Bridge Jn (Independent lines)	156	16	158	76	N	N	N	N	N	N	N	
London-North-Western-North	1057	NW1009	CMP1	Former site of Sydney Bridge Jn – Sandbach South Jn (Independent lines)	158	76	162	28	N	N	N	N	N	N	N	
London-North-Western-North	1057	NW1011	GSG	Gresty Lane Jn – Salop Goods Jn	0	00	0	37	N	N	N	N	N	N	N	
London-North-Western-North	1057	NW1013	CSG	Crewe Sorting Sidings North – Gresty Lane	157	26	157	47	N	N	N	N	N	N	N	
London-North-Western-North	1057	NW1015	CIL	Salop Goods Jn – Crewe North Jn (Chester Independent lines)	157	64	158	18	N	N	N	N	N	N	N	
London-North-Western-North	1057	NW1017	LLI	Salop Goods Jn – Crewe Coal Yard (Liverpool Independent lines)	157	71	158	73	N	N	N	N	N	N	N	
London-North-Western-North	1057	NW1019	CHW1/2	Acton Grange Jn – Warrington South Jn (Helsby lines)	16	19	17	76	N	N	N	N	N	N	N	
London-North-Western-North	1057	NW1021	WEE	Winwick Jn – Earlestown East Jn	185	49	187	10	N	N	N	N	N	N	N	
London-North-Western-North	1057	NW1021	DSE	Earlestown East Jn – Newton-le-Willows Jn	14	75	16	19	N	N	N	N	N	N	N	
London-North-Western-North	1058	NW1021	NGJ	Newton-le-Willows Jn – Golborne Jn	0	00	0	53	N	N	N	N	N	N	N	
London-North-Western-North	1058	NW1023	HOB2	Haydock Branch Jn – End of line (former Kelbit PS)	0	00	0	53	N	N	N	N	N	N	N	
London-North-Western-North	1058	NW1025	IMG	Bamfurlong Sidings Jn – Ince Moss Jn (Ince Moss Goods lines)	0	18	0	78	N	N	N	N	N	N	N	
London-North-Western-North	1058	NW1027	PSR1	Preston South Jn – Preston Docks Branch ELR Change	21	39	21	47	N	N	N	N	N	N	N	
London-North-Western-North	1058	NW1027	PSR2	Preston Docks Branch ELR Change – Network Rail Boundary (Ribble Steam Railway)	0	00	0	40	N	N	N	N	N	N	N	
London-North-Western-North	1058	NW2001	WJL1	Weaver Jn – Ditton East Jn	174	53	182	67	N	N	N	N	N	N	N	
London-North-Western-North	1058	NW2001	WJL2	Ditton East Jn – Speke East Jn	182	67	186	72	N	N	N	N	N	N	N	
London-North-Western-North	1058	NW2001	WJL3	Speke Est Jn – Edge Hill East Jn	186	72	191	75	N	N	N	N	N	N	N	
London-North-Western-North	1058	NW2001	WJL4	Edge Hill East Jn – Liverpool Lime Street	191	75	193	52	N	N	N	N	N	N	N	
London-North-Western-North	1058	NW2003	RDB	Runcorn – Network Rail Boundary (Runcorn Dock Branch)	0	02	0	69	N	N	N	N	N	N	N	
London-North-Western-North	1058	NW2005	SCR	Speke East Jn – Garston Jn	22	59	23	52	N	N	N	N	N	N	N	
London-North-Western-North	1058	NW2007	AEG	Allerton East Jn – Garston Jn	0	00	0	28	N	N	N	N	N	N	N	
London-North-Western-North	1058	NW2009	SDJ2	End of line (Latchford) – Ditton East Jn	10	06	18	55	N	N	N	N	N	N	N	
London-North-Western-North	1058	NW2011	WOA1	Walton Old Jn – Arpley Jn	0	68	0	00	N	N	N	N	N	N	N	
London-North-Western-North	1058	NW2015	DSE	Ordsall Lane Jn – Newton-le-Willows Jn	30	38	16	19	N	N	N	N	N	N	N	
London-North-Western-North	1058	NW2015	DSE	Newton-le-Willows Jn – Earlestown East Jn (Electrified section)	16	19	14	75	N	N	N	N	N	N	N	
London-North-Western-North	1058	NW2015	DSE	Earlestown East Jn – Edge Hill	14	75	1	78	N	N	N	N	N	N	N	
London-North-Western-North	1058	NW2017	SCN	Eccles Station Jn – Weaste Branch Network Rail / MSC Boundary	0	00	0	54	N	N	N	N	N	N	N	
London-North-Western-North	1058	NW2019	PJL	Parkside Jn – Lowton Jn (East Curve lines)	0	05	0	36	N	N	N	N	N	N	N	
London-North-Western-North	1058	NW2021	EEE	Earlestown South Jn – Earlestown West Jn (Liverpool Curve)	186	74	187	15	N	N	N	N	N	N	N	
London-North-Western-North	1058	NW2023	SBH3	Springs Branch Jn – Gerards Bridge Jn	12	54	5	66	N	N	N	N	N	N	N	
London-North-Western-North	1058	NW2023	SBH2	Gerards Bridge Jn – St Helens Station Jn	5	66	5	12	N	N	N	N	N	N	N	
London-North-Western-North	1059	NW2023	SBH1	St Helens Station Jn – Huyton Jn	5	12	0	-18	N	N	N	N	N	N	N	
London-North-Western-North	1059	NW2025	SHS1	St Helens Station Jn – Sutton Oak Network Rail Boundary	7	15	6	04	N	N	N	N	N	N	N	
London-North-Western-North	1059	NW2027	SCT1/2	Edge Hill, Bootle Branch Jn –Network Rail Boundary (MDHC)	0	15	5	53	N	N	N	N	N	N	N	
London-North-Western-North	1059	NW2029	OME3	Olive Mount Jn – Edge Lane Jn	0	10	0	52	N	N	N	N	N	N	N	
London-North-Western-North	1059	NW3001	CNH1	Crewe North Jn – Limit of Electrification (Crewe Steelworks)	158	18	159	41	N	N	N	N	N	N	N	
London-North-Western-North	1059	NW3001	CNH1	Limit of Electrification (Crewe Steelworks) – Chester East Jn	159	41	178	66	N	N	N	N	N	N	N	
London-North-Western-North	1059	NW3001	CNH2	Chester East Jn – Change of ELR (Chester Windmill Lane Tunnel)	178	66	179	56	N	N	N	N	N	N	N	
London-North-Western-North	1059	NW3001	CNH3	Change of ELR (Chester Windmill Lane Tunnel) – Route Boundary LNW / Wales (Rockcliffe Hall)	179	56	188	40	N	N	N	N	N	N	N	
London-North-Western-North	1059	NW3001	CNH3	Route Boundary LNW / Wales (Rockcliffe Hall) – Holyhead	188	40	263	56	N	N	N	N	N	N	N	
London-North-Western-North	1059	NW3003	CHW1	Chester East Jn – Acton Grange Jn	0	24	16	19	N	N	N	N	N	N	N	
London-North-Western-North	1059	NW3005	WSJ2	Sectional Appendix Boundary (GW731) – Route Boundary Wales / LNW including ‘Up & Down’ loop Wrexham General ELR WDB1	199	00	202	60	N	N	N	N	N	N	N	
London-North-Western-North	1059	NW3005	WSJ2	Route Boundary Wales / LNW – Saltney Jn	202	60	212	06	N	N	N	N	N	N	N	
London-North-Western-North	1059	NW3007	WDB1	Wrexham Central – Wrexham Exchange Jn	0	16	0	68	N	N	N	N	N	N	N	
London-North-Western-North	1059	NW3007	WDB1	Wrexham Exchange Jn – Change of RA at 13m 20ch (South end of Hawarden Bridge)	0	68	13	20	N	N	N	N	N	N	N	
London-North-Western-North	1059	NW3007	WDB1	Change of RA at 13m 20ch (South end of Hawarden Bridge) – Change of ELR	13	20	13	33	N	N	N	N	N	N	N	
London-North-Western-North	1059	NW3007	WDB2	Change of ELR (Hawarden Bridge) – Change of ELR (Site of former Dee Marsh Jn West)	14	15	14	00	N	N	N	N	N	N	N	
London-North-Western-North	1059	NW3007	WDB3	Change of ELR (Site of former Dee Marsh Jn West) – Route Boundary Wales / LNW (Burton Point)	14	00	11	00	N	N	N	N	N	N	N	
London-North-Western-North	1060	NW3007	WDB3	Route Boundary Wales / LNW (Burton Point) – Bidston Dee Jn	11	00	0	08	N	N	N	N	N	N	N	
London-North-Western-North	1060	NW3009	CVS	Chester North Jn – Chester South Jn	0	36	0	13	N	N	N	N	N	N	N	
London-North-Western-North	1060	NW3011	CRR1	Chester West Jn – Hooton South Jn	0	16	7	68	N	N	N	N	N	N	N	
London-North-Western-North	1060	NW3013	HHJ	Hooton South Jn – Ellesmere Port (Limit of DC electrification)	0	02	3	44	N	N	N	N	N	N	N	
London-North-Western-North	1060	NW3013	HHJ	Ellesmere Port (Limit of DC electrification) – Helsby Jn	3	44	8	67	N	N	N	N	N	N	N	
London-North-Western-North	1060	NW3015	LJT1	Llandudno Jn – Blaenau Ffestiniog, End of line	0	30	27	53	N	N	N	N	N	N	N	
London-North-Western-North	1060	NW3017	LLJ	Llandudno Jn – Llandudno	0	03	3	14	N	N	N	N	N	N	N	
London-North-Western-North	1060	NW3019	GLA	Gaerwen Jn – Amlwch (Network Rail Boundary)	0	00	17	37	N	N	N	N	N	N	N	
London-North-Western-North	1060	NW3021	FJH	Frodsham Jn – Halton Jn	1	54	0	00	N	N	N	N	N	N	N	
London-North-Western-North	1060	NW3023	EJN	Edgeley Jn – Northenden Jn	0	00	3	68	N	N	N	N	N	N	N	
London-North-Western-North	1060	NW3023	WJP1	Northenden Jn – Skelton Jn	33	52	30	12	N	N	N	N	N	N	N	
London-North-Western-North	1060	NW3023	SJD	Skelton Jn – Deansgate Jn	0	00	0	33	N	N	N	N	N	N	N	
London-North-Western-North	1060	NW3023	CDM1	Deansgate Jn – Change of ELR (Altrincham)	7	05	8	00	N	N	N	N	N	N	N	
London-North-Western-North	1060	NW3023	CDM2	Change of ELR (Altrincham) – Mickle Trafford Jn	7	69	35	40	N	N	N	N	N	N	N	
London-North-Western-North	1060	NW3025	WJP1	Skelton Jn – Partington Jn Network Rail Boundary	30	12	27	20	N	N	N	N	N	N	N	
London-North-Western-North	1060	NW3027	CDM1	Network Rail Boundary (Metrolink) – Deansgate Jn	6	77	7	05	N	N	N	N	N	N	N	
London-North-Western-North	1060	NW3027	CDM1	Deansgate Jn – Altrincham	7	05	8	00	N	N	N	N	N	N	N	
London-North-Western-North	1060	NW3029	SNJ	Sandbach North Jn – Northwich West Jn	0	00	8	64	N	N	N	N	N	N	N	
London-North-Western-North	1060	NW3031	NSN	Northwich South Jn – Northwich Station Jn	8	37	8	66	N	N	N	N	N	N	N	
London-North-Western-North	1060	NW3033	HEG	Hartford East Jn – Hartford North Jn (East Goods line)	21	67	22	10	N	N	N	N	N	N	N	
London-North-Western-North	1060	NW3035	HWG	Hartford West Jn – Hartford North Jn (West Goods line)	0	11	0	29	N	N	N	N	N	N	N	
London-North-Western-North	1060	NW3037	HCN	Hartford CLC Jn – Hartford Jn	0	72	0	16	N	N	N	N	N	N	N	
London-North-Western-North	1060	NW4001	CGJ5	Preston Ribble Jn – Preston	21	13	21	57	N	N	N	N	N	N	N	
London-North-Western-North	1061	NW4001	CGJ6	Preston – Preston North Jn	0	00	0	21	N	N	N	N	N	N	N	
London-North-Western-North	1061	NW4001	CGJ6	Preston North Jn – Preston Fylde Jn	0	21	0	33	N	N	N	N	N	N	N	
London-North-Western-North	1061	NW4001	CGJ6	Preston Fylde Jn – Lancaster	0	33	20	78	N	N	N	N	N	N	N	
London-North-Western-North	1061	NW4001	CGJ7	Lancaster – Carnforth North Jn	0	00	6	08	N	N	N	N	N	N	N	
London-North-Western-North	1061	NW4001	CGJ7	Carnforth North Jn – Oxenholme	6	08	19	11	N	N	N	N	N	N	N	
London-North-Western-North	1061	NW4001	CGJ7	Oxenholme – Upperby Jn	19	11	68	23	N	N	N	N	N	N	N	
London-North-Western-North	1061	NW4001	CGJ7	Upperby Jn – Carlisle	68	23	69	09	N	N	N	N	N	N	N	
London-North-Western-North	1061	NW4001	UCJ	Upperby Bridge Jn – Upperby Jn	0	00	0	38	N	N	N	N	N	N	N	
London-North-Western-North	1061	NW4001	WCM1	Carlisle – Mossband Jn (Including Kingmoor Yard Goods lines)	0	00	7	57	N	N	N	N	N	N	N	
London-North-Western-North	1061	NW4001	WCM1	Mossband Jn – Gretna Jn	7	57	8	57	N	N	N	N	N	N	N	
London-North-Western-North	1061	NW4001	WCM1	Gretna Jn – Route Boundary (SC001)	8	57	12	30	N	N	N	N	N	N	N	
London-North-Western-North	1061	NW4003	PDB	Preston Fylde Jn – End of line	0	00	1	59	N	N	N	N	N	N	N	
London-North-Western-North	1061	NW4005	PBN	Preston Fylde Jn – Kirkham North Jn	0	33	8	28	N	N	N	N	N	N	N	
London-North-Western-North	1061	NW4005	PBN	Kirkham North Jn – Poulton Jn	8	28	14	40	N	N	N	N	N	N	N	
London-North-Western-North	1061	NW4005	PBN	Poulton Jn – Blackpool North	14	40	17	49	N	N	N	N	N	N	N	
London-North-Western-North	1061	NW4007	KBS1	Kirkham North Jn – Blackpool South	8	28	20	00	N	N	N	N	N	N	N	
London-North-Western-North	1061	NW4009	WPS	Poulton – Burn Naze (End of Branch)	14	40	18	08	N	N	N	N	N	N	N	
London-North-Western-North	1061	NW4011	MSM	Morecambe South Jn – Morecambe Buffer Stops	0	00	2	12	N	N	N	N	N	N	N	
London-North-Western-North	1061	NW4013	HBL	Hest Bank Jn – Bare Lane Jn	0	00	1	30	N	N	N	N	N	N	N	
London-North-Western-North	1061	NW4017	MHH	Morecambe Jn – Heysham Port	0	00	4	01	N	N	N	N	N	N	N	
London-North-Western-North	1061	NW4019	OXW	Oxenholme – Windermere	0	00	10	15	N	N	N	N	N	N	N	
London-North-Western-North	1061	NW4021	UCJ	Upperby Jn – Bog Jn	0	38	1	07	N	N	N	N	N	N	N	
London-North-Western-North	1061	NW4021	UCJ	Bog Jn – Rome Street Jn	1	07	1	23	N	N	N	N	N	N	N	
London-North-Western-North	1061	NW4023	ULR	Upperby Jn – London Road Jn	0	00	0	34	N	N	N	N	N	N	N	
London-North-Western-North	1061	NW4025	MCG	Currock Jn – Change of ELR (Site of former Forks Jn)	0	00	0	29	N	N	N	N	N	N	N	
London-North-Western-North	1061	NW4025	SCG	Change of ELR (Site of former Forks Jn) – Bog Jn	0	29	0	44	N	N	N	N	N	N	N	
London-North-Western-North	1061	NW4027	BSN	Bruntill Branch Jn – Stainton Jn via Down and Up Brunthill Branch Siding	0	66	0	2	N	N	N	N	N	N	N	
London-North-Western-North	1062	NW4027	ETC	End of line Buffer Stops – Network Rail Boundary / Brunthill via Down and Up Brunthill line	96	6	95	6	N	N	N	N	N	N	N	
London-North-Western-North	1062	NW4029	GJH	Mossband Jn – Network Rail Boundary	3	02	0	24	N	N	N	N	N	N	N	
London-North-Western-North	1062	NW4031	GSW	Gretna Jn – Route Boundary (SC031)	116	13	115	40	N	N	N	N	N	N	N	
London-North-Western-North	1062	NW4033	CBC1	Carnforth North Jn – Carnforth Station Jn	0	19	0	38	N	N	N	N	N	N	N	
London-North-Western-North	1062	NW4033	CBC1	Carnforth Station Jn – Limit of Electrification (Carnforth)	0	38	0	60	N	N	N	N	N	N	N	
London-North-Western-North	1062	NW4033	CBC1	Limit of Electrification (Carnforth) – Whitehaven	0	60	74	66	N	N	N	N	N	N	N	
London-North-Western-North	1062	NW4033	CBC1	Whitehaven – Bransty SB (Change of ELR)	74	66	74	73	N	N	N	N	N	N	N	
London-North-Western-North	1062	NW4033	CBC2	Bransty SB (Change of ELR) – Change of ELR (Maryport)	0	16	12	05	N	N	N	N	N	N	N	
London-North-Western-North	1062	NW4033	CBC3	Change of ELR (Maryport) – Carlisle South Jn	0	00	27	49	N	N	N	N	N	N	N	
London-North-Western-North	1062	NW4041	DAP	Dalton Jn – Park South Jn	0	00	0	76	N	N	N	N	N	N	N	
London-North-Western-North	1062	NW5001	CMP1	Crewe North Jn – Sandbach North Jn	158	17	162	62	N	N	N	N	N	N	N	
London-North-Western-North	1062	NW5001	CMP1	Sandbach North Jn – Wilmslow South Jn	162	62	176	53	N	N	N	N	N	N	N	
London-North-Western-North	1062	NW5001	CMP1	Wilmslow South Jn – Cheadle Hulme North Jn	176	53	180	67	N	N	N	N	N	N	N	
London-North-Western-North	1062	NW5001	CMP1	Cheadle Hulme North Jn – Edgeley Jn No.1	180	67	182	36	N	N	N	N	N	N	N	
London-North-Western-North	1062	NW5001	CMP2	Edgeley Jn No.1 – Edgeley Jn	182	36	182	59	N	N	N	N	N	N	N	
London-North-Western-North	1062	NW5001	CMP2	Edgeley Jn – Slade Lane Jn	182	59	186	46	N	N	N	N	N	N	N	
London-North-Western-North	1062	NW5001	CMP2	Slade Lane Jn – Ardwick Jn	186	46	188	08	N	N	N	N	N	N	N	
London-North-Western-North	1062	NW5001	CMP2	Ardwick Jn – Manchester Piccadilly East Jn	188	08	188	48	N	N	N	N	N	N	N	
London-North-Western-North	1062	NW5001	CMP2	Manchester Piccadilly East Jn – Manchester Piccadilly	188	48	188	70	N	N	N	N	N	N	N	
London-North-Western-North	1062	NW5003	STY	Wilmslow South Jn – Heald Green South Jn	0	00	2	50	N	N	N	N	N	N	N	
London-North-Western-North	1062	NW5003	STY	Heald Green South Jn – Heald Green North Jn	2	50	3	13	N	N	N	N	N	N	N	
London-North-Western-North	1063	NW5003	STY	Heald Green North Jn – Slade Lane Jn	3	13	9	44	N	N	N	N	N	N	N	
London-North-Western-North	1063	NW5005	SMA	Heald Green South Jn – Heald Green West Jn	1	48	1	10	N	N	N	N	N	N	N	
London-North-Western-North	1063	NW5007	MIA	Manchester Airport – Heald Green North Jn	0	00	1	51	N	N	N	N	N	N	N	
London-North-Western-North	1063	NW5008	NBS	Norton Bridge North Jn – Stone Jn	3	57	0	00	N	N	N	N	N	N	N	
London-North-Western-North	1063	NW5009	CMD2	Colwich Jn – Stone Jn	38	61	20	36	N	N	N	N	N	N	N	
London-North-Western-North	1063	NW5009	CMD2	Stone Jn – Stoke Jn	20	36	21	04	N	N	N	N	N	N	N	
London-North-Western-North	1063	NW5009	CMD2	Stoke Jn – Glebe Street Jn	21	04	20	10	N	N	N	N	N	N	N	
London-North-Western-North	1063	NW5009	CMD2	Glebe Street Jn – Change of ELR	20	10	15	65	N	N	N	N	N	N	N	
London-North-Western-North	1063	NW5009	CMD1	Change of ELR – Kidsgrove Jn	13	68	16	00	N	N	N	N	N	N	N	
London-North-Western-North	1063	NW5009	CMD1	Kidsgrove Jn – Macclesfield Hibel Road (Change of ELR)	13	68	0	00	N	N	N	N	N	N	N	
London-North-Western-North	1063	NW5009	MCH	Macclesfield Hibel Road (Change of ELR) – Cheadle Hulme North Jn	9	37	0	00	N	N	N	N	N	N	N	
London-North-Western-North	1063	NW5010	SCQ1	Glebe Street Jn – Change of Mileage	20	08	20	33	N	N	N	N	N	N	N	
London-North-Western-North	1063	NW5010	SCQ1	Change of Mileage – Change of Mileage (Site of former Milton Jn)	0	00	3	51	N	N	N	N	N	N	N	
London-North-Western-North	1063	NW5010	SCQ2	Change of Mileage (Site of former Milton Jn) – Change of Mileage (Site of former Leek Brook Jn)	0	00	6	65	N	N	N	N	N	N	N	
London-North-Western-North	1063	NW5010	SCQ3	Change of Mileage (Site of former Leek Brook Jn) – Caldon Quarry	0	00	8	01	N	N	N	N	N	N	N	
London-North-Western-North	1063	NW5011	HNS	Heaton Norris Jn – Guide Bridge Station Jn	0	00	4	73	N	N	N	N	N	N	N	
London-North-Western-North	1063	NW5012	NSS	Route Boundary (LN3505) – Stoke Jn	1	40	0	00	N	N	N	N	N	N	N	
London-North-Western-North	1063	NW5013	DJO1	Denton Jn – Change of Mileage (Site of former Crowthorne Jn)	4	10	5	28	N	N	N	N	N	N	N	
London-North-Western-North	1063	NW5013	DJO2	Change of Mileage (Site of former Crowthorne Jn) – Change of Mileage (Site of former Ashton Moss South Jn)	0	53	1	19	N	N	N	N	N	N	N	
London-North-Western-North	1063	NW5013	AMJ	Change of Mileage (Site of former Ashton Moss South Jn) – Ashton Moss North Jn	0	00	0	40	N	N	N	N	N	N	N	
London-North-Western-North	1063	NW5015	HAJ	Hadfield – Dinting East Jn	12	61	12	00	N	N	N	N	N	N	N	
London-North-Western-North	1063	NW5015	HAJ	Dinting East Jn – Dinting West Jn	12	00	11	66	N	N	N	N	N	N	N	
London-North-Western-North	1064	NW5015	HAJ	Dinting West Jn – Hyde Jn	11	66	6	16	N	N	N	N	N	N	N	
London-North-Western-North	1064	NW5015	HAJ	Hyde Jn – Guide Bridge West Jn	6	16	5	10	N	N	N	N	N	N	N	
London-North-Western-North	1064	NW5015	HAJ	Guide Bridge West Jn – Guide Bridge Station Jn	5	10	4	73	N	N	N	N	N	N	N	
London-North-Western-North	1064	NW5015	HAJ	Guide Bridge Station Jn – Ashburys East Jn	4	73	1	56	N	N	N	N	N	N	N	
London-North-Western-North	1064	NW5015	HAJ	Ashburys East Jn – Ashburys West Jn	1	56	1	36	N	N	N	N	N	N	N	
London-North-Western-North	1064	NW5015	HAJ	Ashburys West Jn – Ardwick Jn	1	36	0	40	N	N	N	N	N	N	N	
London-North-Western-North	1064	NW5017	DSD	Dinting South Jn – Dinting East Jn	0	72	1	05	N	N	N	N	N	N	N	
London-North-Western-North	1064	NW5019	GDW	Glossop – Dinting South Jn	0	01	0	72	N	N	N	N	N	N	N	
London-North-Western-North	1064	NW5019	GDW	Dinting South Jn – Dinting West Jn	0	72	1	05	N	N	N	N	N	N	N	
London-North-Western-North	1064	NW5021	SAJ	Stalybridge Jn – Guide Bridge West Jn	2	08	0	04	N	N	N	N	N	N	N	
London-North-Western-North	1064	NW6001	COL	Manchester Piccadilly East Jn – Castlefield Jn	188	48	189	67	N	N	N	N	N	N	N	
London-North-Western-North	1064	NW6001	COL	Castlefield Jn – Ordsall Lane Jn	189	67	190	28	N	N	N	N	N	N	N	
London-North-Western-North	1064	NW6001	OLW	Ordsall Lane Jn – Windsor Bridge South Jn	190	28	191	01	N	N	N	N	N	N	N	
London-North-Western-North	1064	NW6001	MVE1	Windsor Bridge South Jn – Windsor Bridge North Jn	1	55	1	66	N	N	N	N	N	N	N	
London-North-Western-North	1064	NW6001	MVE1	Windsor Bridge North Jn – Bolton West Jn	1	66	10	55	N	N	N	N	N	N	N	
London-North-Western-North	1064	NW6001	MVE2	Bolton West Jn – Lostock Jn	10	55	13	39	N	N	N	N	N	N	N	
London-North-Western-North	1064	NW6001	MVE2	Lostock Jn – Euxton Jn	13	39	25	31	N	N	N	N	N	N	N	
London-North-Western-North	1064	NW6003	MAJ	Castlefield Jn – Trafford Park Sidings (Limit of Electrification)	33	57	31	35	N	N	N	N	N	N	N	
London-North-Western-North	1064	NW6003	MAJ	Trafford Park Sidings (Limit of Electrification) – Hunts Cross	31	35	7	07	N	N	N	N	N	N	N	
London-North-Western-North	1064	NW6003	MAJ	Hunts Cross – Hunts Cross West Jn	7	07	6	11	N	N	N	N	N	N	N	
London-North-Western-North	1064	NW6003	AHX	Hunts Cross West Jn – Allerton Jn	0	37	0	00	N	N	N	N	N	N	N	
London-North-Western-North	1064	NW6004	OCD	Water Street Jn – Irwell Street Jn (Change of Mileage and ELR)	190	05	190	34	N	N	N	N	N	N	N	
London-North-Western-North	1064	NW6004	DSE	Irwell Street Jn (Change of Mileage and ELR) – Deal Street Jn (Ordsall Curve lines)	30	64	31	18	N	N	N	N	N	N	N	
London-North-Western-North	1065	NW6005	MVM	Manchester Victoria East Jn – Manchester Victoria	0	09	0	00	N	N	N	N	N	N	N	
London-North-Western-North	1065	NW6005	MVE1	Manchester Victoria – Deal Street Jn (Chat Moss lines)	0	00	0	32	N	N	N	N	N	N	N	
London-North-Western-North	1065	NW6005	MVE1	Deal Street Jn – Windsor Bridge South Jn	0	32	1	55	N	N	N	N	N	N	N	
London-North-Western-North	1065	NW6007	DSE	Deal Street Jn – Ordsall Lane Jn	31	18	30	38	N	N	N	N	N	N	N	
London-North-Western-North	1065	NW6009	WBS1	Windsor Bridge North Jn – Crow Nest Jn	1	66	14	64	N	N	N	N	N	N	N	
London-North-Western-North	1065	NW6009	WBS2	Crow Nest Jn – Wigan Station Jn	14	64	17	44	N	N	N	N	N	N	N	
London-North-Western-North	1065	NW6009	WBS2	Wigan Station Jn – Wigan Wallgate Jn	17	44	18	04	N	N	N	N	N	N	N	
London-North-Western-North	1065	NW6009	WBS3	Wigan Wallgate Jn – Southport	18	04	35	27	N	N	N	N	N	N	N	
London-North-Western-North	1065	NW6011	BBB	Bolton East Jn – Blackburn Bolton Jn	10	31	24	08	N	N	N	N	N	N	N	
London-North-Western-North	1065	NW6013	LCN	Lostock Jn – Crow Nest Jn	13	39	17	18	N	N	N	N	N	N	N	
London-North-Western-North	1065	NW6015	WKL1	Wigan Wallgate Jn – Change of Mileage (Pemberton)	18	04	19	48	N	N	N	N	N	N	N	
London-North-Western-North	1065	NW6015	WKL2	Change of Mileage (Pemberton) – Kirkby	19	09	29	40	N	N	N	N	N	N	N	
London-North-Western-North	1065	NW7001	MVM	Manchester Victoria East Jn (Man Vic West Jn – East Jn on NW6005) – Miles Platting Jn	0	09	1	30	N	N	N	N	N	N	N	
London-North-Western-North	1065	NW7001	MPR1	Miles Platting Jn – Brewery Jn	1	30	1	52	N	N	N	N	N	N	N	
London-North-Western-North	1065	NW7001	MPR1	Brewery Jn – Thorpes Bridge Jn	1	52	2	17	N	N	N	N	N	N	N	
London-North-Western-North	1065	NW7001	MVN2	Thorpes Bridge Jn – Castleton South Jn	2	17	8	21	N	N	N	N	N	N	N	
London-North-Western-North	1065	NW7001	MVN2	Castleton South Jn – Castleton East Jn	8	21	8	52	N	N	N	N	N	N	N	
London-North-Western-North	1065	NW7001	MVN2	Castleton East Jn – Hall Royd Jn	8	52	19	61	N	N	N	N	N	N	N	
London-North-Western-North	1065	NW7001	MVN2	Hall Royd Jn – Route Boundary (LN854)	19	61	22	62	N	N	N	N	N	N	N	
London-North-Western-North	1065	NW7005	CEH	Castleton East Jn – Castleton North Jn	0	00	0	37	N	N	N	N	N	N	N	
London-North-Western-North	1065	NW7005	CPI1	Castleton South Jn – Castleton North Jn	8	21	8	50	N	N	N	N	N	N	N	
London-North-Western-North	1065	NW7005	CPI2	Castleton North Jn – Network Rail / East Lancashire Railway Boundary (Hopwood)	8	50	9	04	N	N	N	N	N	N	N	
London-North-Western-North	1066	NW7006	SFO	Todmorden Viaduct Jn to Stansfield Hall Jn	19	30	19	47	N	N	N	N	N	N	N	
London-North-Western-North	1066	NW7007	FCO	Farington Curve Jn – Ormskirk	25	64	12	15	N	N	N	N	N	N	N	
London-North-Western-North	1066	NW7009	FHR1	Farington Curve Jn – Lostock Hall Depot	0	00	0	75	N	N	N	N	N	N	N	
London-North-Western-North	1066	NW7009	FHR2	Lostock Hall Depot – Lostock Hall Jn	0	75	1	42	N	N	N	N	N	N	N	
London-North-Western-North	1066	NW7009	FHR3	Lostock Hall Jn – Change of ELR (Site of former Bamber Bridge Jn)	1	42	2	10	N	N	N	N	N	N	N	
London-North-Western-North	1066	NW7009	FHR4	Change of ELR (Site of former Bamber Bridge Jn) – Blackburn Bolton Jn	2	10	10	11	N	N	N	N	N	N	N	
London-North-Western-North	1066	NW7009	FHR4	Blackburn Bolton Jn – Blackburn	10	11	10	42	N	N	N	N	N	N	N	
London-North-Western-North	1066	NW7009	FHR5	Blackburn – Daisyfield Jn	10	42	11	09	N	N	N	N	N	N	N	
London-North-Western-North	1066	NW7009	FHR5	Daisyfield Jn – Gannow Jn	11	09	21	03	N	N	N	N	N	N	N	
London-North-Western-North	1066	NW7009	FHR6	Gannow Jn – Hall Royd Jn	21	03	30	54	N	N	N	N	N	N	N	
London-North-Western-North	1066	NW7011	LHL	Farington Jn – Limit of electrification	0	00	0	56	N	N	N	N	N	N	N	
London-North-Western-North	1066	NW7011	LHL	Limit of electrification – Lostock Hall Jn (Lostock Hall lines)	0	56	0	77	N	N	N	N	N	N	N	
London-North-Western-North	1066	NW7013	DJH	Daisyfield Jn – Hellifield	11	09	34	68	N	N	N	N	N	N	N	
London-North-Western-North	1066	NW7015	PRG	End of line (Padiham Power Station Sidings) – Rose Grove West Jn	1	76	0	00	N	N	N	N	N	N	N	
London-North-Western-North	1066	NW7017	GJC	Gannow Jn – Colne	21	03	27	37	N	N	N	N	N	N	N	
London-North-Western-North	1066	NW7019	MPR2	Thorpes Bridge Jn – Network Rail Boundary (Metrolink (Down Up Boundary at 2m 32ch))	2	22	3	05	N	N	N	N	N	N	N	
London-North-Western-North	1066	NW7021	MVM	Miles Platting – Change of ELR	1	22	1	30	N	N	N	N	N	N	N	
London-North-Western-North	1066	NW7021	MVL1	Miles Platting Jn – Philips Park West Jn	1	30	1	59	N	N	N	N	N	N	N	
London-North-Western-North	1066	NW7021	MVL1	Philips Park West Jn – Baguley Fold Jn	1	59	2	39	N	N	N	N	N	N	N	
London-North-Western-North	1066	NW7021	MVL1	Baguley Fold Jn – Ashton Moss North Jn	2	39	5	41	N	N	N	N	N	N	N	
London-North-Western-North	1066	NW7021	MVL1	Ashton Moss North Jn – Stalybridge Jn	5	41	7	46	N	N	N	N	N	N	N	
London-North-Western-North	1066	NW7021	MVL2	Stalybridge Jn – Stalybridge Tunnel Jn	7	46	8	08	N	N	N	N	N	N	N	
London-North-Western-North	1066	NW7021	MVL3	Stalybridge Tunnel Jn – Route Boundary (LN860)	8	08	15	11	N	N	N	N	N	N	N	
London-North-Western-North	1066	NW7023	BPP	Philips Park West Jn – Brewery Jn	0	00	0	18	N	N	N	N	N	N	N	
London-North-Western-North	1067	NW7025	PPA1	Philips Park West Jn – Philips Park South Jn	1	59	2	07	N	N	N	N	N	N	N	
London-North-Western-North	1067	NW7025	PPA1	Philips Park South Jn – Change of Mileage	2	07	3	12	N	N	N	N	N	N	N	
London-North-Western-North	1067	NW7025	PPA2	Change of Mileage – Ashburys West Jn	0	57	0	00	N	N	N	N	N	N	N	
London-North-Western-North	1067	NW7027	PPP1	Baguley Fold Jn – Change of Mileage	2	39	2	13	N	N	N	N	N	N	N	
London-North-Western-North	1067	NW7027	PPP2	Change of Mileage – Philips Park South Jn	0	00	0	19	N	N	N	N	N	N	N	
London-North-Western-North	1067	NW8001	HXS1	Hunts Cross West Jn – Liverpool Central	6	11	0	02	N	N	N	N	N	N	N	
London-North-Western-North	1067	NW8001	HXS2	Liverpool Central – Paradise Jn	37	13	36	71	N	N	N	N	N	N	N	
London-North-Western-North	1067	NW8001	HXS2	Paradise Jn – Sandhills Jn	36	71	34	75	N	N	N	N	N	N	N	
London-North-Western-North	1067	NW8001	HXS3	Sandhills Jn – Bootle Jn	1	41	2	39	N	N	N	N	N	N	N	
London-North-Western-North	1067	NW8001	HXS3	Bootle Jn – Southport	2	39	18	35	N	N	N	N	N	N	N	
London-North-Western-North	1067	NW8003	SIL	Paradise Jn – James Street (Stock Interchange/Holding line)	0	32	0	53	N	N	N	N	N	N	N	
London-North-Western-North	1067	NW8005	SJO1	Sandhills Jn – Walton Jn	34	75	33	16	N	N	N	N	N	N	N	
London-North-Western-North	1067	NW8005	SJO2	Walton Jn – Ormskirk	3	20	12	13	N	N	N	N	N	N	N	
London-North-Western-North	1067	NW8007	NMM	Bootle Jn – Change of ELR (Site of former North Mersey Jn)	2	34	3	52	N	N	N	N	N	N	N	
London-North-Western-North	1067	NW8007	NMB	Change of ELR (Site of former North Mersey Jn) – Change of ELR (Site of former Sefton Jn)	34	40	32	42	N	N	N	N	N	N	N	
London-North-Western-North	1067	NW8007	AFL	Change of ELR (Site of former Sefton Jn) – Aintree Station Jn	0	00	0	40	N	N	N	N	N	N	N	
London-North-Western-North	1067	NW8009	WJK	Walton Jn – Kirkby	33	16	29	41	N	N	N	N	N	N	N	
London-North-Western-North	1067	NW8011	MIR1	Mann Island Jn – Mann Island Jn via Loop	0	00	2	12	N	N	N	N	N	N	N	
London-North-Western-North	1067	NW8011	MIR2	Mann Island Jn – Hamilton Square Jn	0	69	1	72	N	N	N	N	N	N	N	
London-North-Western-North	1067	NW8011	CWK1	Hamilton Square Jn – Change of ELR (Birkenhead Park)	1	72	3	00	N	N	N	N	N	N	N	
London-North-Western-North	1067	NW8011	CWK2	Change of ELR (Birkenhead Park) – Bidston East Jn	3	00	4	40	N	N	N	N	N	N	N	
London-North-Western-North	1067	NW8011	CWK3	Bidston East Jn – Bidston Dee Jn	4	40	4	78	N	N	N	N	N	N	N	
London-North-Western-North	1067	NW8011	CWK3	Bidston Dee Jn – West Kirby	4	78	10	46	N	N	N	N	N	N	N	
London-North-Western-North	1068	NW8013	MIR2	Canning Street Jn – Rock Ferry	1	60	3	42	N	N	N	N	N	N	N	
London-North-Western-North	1068	NW8013	CRR2	Rock Ferry South Jn – Hooton South Jn	13	39	7	68	N	N	N	N	N	N	N	
London-North-Western-North	1068	NW8015	BEN	Bidston East Jn – New Brighton (New Brighton lines)	4	40	7	18	N	N	N	N	N	N	N	
London-North-Western-North	1068	NW8017	CCS1/2	Network Rail Boundary (Canning Street North) – Rock Ferry South Jn	15	40	13	30	N	N	N	N	N	N	N	
London-North-Western-North	1068	NW9001	MAS	Route Boundary (LN808) (Dore West Jn) – Chinley North Jn	154	20	174	01	N	N	N	N	N	N	N	
London-North-Western-North	1068	NW9001	TTA1	Chinley North Jn – New Mills South Jn	168	39	172	27	N	N	N	N	N	N	N	
London-North-Western-North	1068	NW9001	NMC1	New Mills South Jn – Hazel Grove High Level Jn	172	27	177	40	N	N	N	N	N	N	N	
London-North-Western-North	1068	NW9001	HGC	Hazel Grove High Level Jn – Hazel Grove East Jn	2	62	2	35	N	N	N	N	N	N	N	
London-North-Western-North	1068	NW9001	BEJ	Hazel Grove East Jn (Limit of electrification) – Edgeley Jn No.1	2	35	0	00	N	N	N	N	N	N	N	
London-North-Western-North	1068	NW9003	CYC	Chinley East Jn – Chinley South Jn (Chord line)	168	32	167	56	N	N	N	N	N	N	N	
London-North-Western-North	1068	NW9005	CNB1	Chinley North Jn – Chinley South Jn	168	39	167	56	N	N	N	N	N	N	N	
London-North-Western-North	1068	NW9005	CNB1	Chinley South Jn – Change of Mileage (Site of former Peak Forest Jn)	167	56	161	05	N	N	N	N	N	N	N	
London-North-Western-North	1068	NW9005	CNB2	Change of Mileage (Site of former Peak Forest Jn) – Change of Mileage (Site of former Buxton Jn)	0	00	0	28	N	N	N	N	N	N	N	
London-North-Western-North	1068	NW9005	CNB3	Change of Mileage (Site of former Buxton Jn) – Buxton SB	161	15	164	52	N	N	N	N	N	N	N	
London-North-Western-North	1068	NW9005	CNB4	Buxton SB – Buxton Sidings	164	52	165	12	N	N	N	N	N	N	N	
London-North-Western-North	1068	NW9007	TTA1	New Mills South Jn – Marple Wharf Jn	172	17	177	23	N	N	N	N	N	N	N	
London-North-Western-North	1068	NW9007	TTA1	Marple Wharf Jn – Romiley Jn	177	23	178	33	N	N	N	N	N	N	N	
London-North-Western-North	1068	NW9007	TTA1	Romiley Jn – Brinnington (Change of Mileage)	178	33	181	00	N	N	N	N	N	N	N	
London-North-Western-North	1068	NW9007	TTA2	Brinnington (Change of Mileage) – Ashburys East Jn	42	77	46	24	N	N	N	N	N	N	N	
London-North-Western-North	1068	NW9009	MRH	Marple Wharf Jn – Rose Hill Buffer Stop	11	02	9	78	N	N	N	N	N	N	N	
London-North-Western-North	1068	NW9011	RYH1	Romiley Jn – Woodley Jn	178	33	179	44	N	N	N	N	N	N	N	
London-North-Western-North	1069	NW9011	RYH2	Woodley Jn – Hyde Jn	8	74	6	16	N	N	N	N	N	N	N	
London-North-Western-North	1069	NW9013	WJP1	Woodley Jn – Bredbury Sidings	40	53	39	58	N	N	N	N	N	N	N	
London-North-Western-North	1069	NW9017	NMC1/2	Hazel Grove High Level Jn – Cheadle Jn	177	40	181	71	N	N	N	N	N	N	N	
London-North-Western-North	1069	NW9017	WJP1	Cheadle Jn – Northenden Jn	35	64	33	52	N	N	N	N	N	N	N	
London-North-Western-North	1069	NW9019	BUX	Buxton – Brigg’s Sidings	0	00	4	70	N	N	N	N	N	N	N	
London-North-Western-North	1069	NW9021	BEJ	Buxton – Hazel Grove East Jn	19	09	2	35	N	N	N	N	N	N	N	
London-North-Western-North	1069	NW9901	SKW1	Route Boundary (LN922) (Gargrave) – Settle Jn	230	00	234	44	N	N	N	N	N	N	N	
London-North-Western-North	1069	NW9901	SAC	Settle Jn – Petteril Bridge Jn	234	44	307	12	N	N	N	N	N	N	N	
London-North-Western-North	1069	NW9901	NEC2	Petteril Bridge Jn – London Road Jn	59	26	59	45	N	N	N	N	N	N	N	
London-North-Western-North	1069	NW9901	NEC2	London Road Jn – Carlisle South Jn	59	45	60	02	N	N	N	N	N	N	N	
London-North-Western-North	1069	NW9903	SKW1	Settle Jn – Change of ELR (Site of former Wennington Jn)	234	44	249	44	N	N	N	N	N	N	N	
London-North-Western-North	1069	NW9903	SJC	Change of ELR (Site of former Wennington Jn) – Change of ELR (Site of former Carnforth East Jn)	9	45	0	31	N	N	N	N	N	N	N	
London-North-Western-North	1069	NW9903	CEC	Change of ELR (Site of former Carnforth East Jn) – Carnforth Station Jn	0	25	0	04	N	N	N	N	N	N	N	
London-North-Western-North	1069	NW9907	WAR	Appleby North Jn – Appleby West Jn	277	27	277	56	N	N	N	N	N	N	N	
London-North-Western-North	1069	NW9907	EDE	Network Rail Boundary (Warcop) – End of line	11	03	11	46	N	N	N	N	N	N	N	
London-North-Western-North	1069	NW9909	NEC2	Route Boundary (LN682) (Scotby) – Petteril Bridge Jn	58	00	59	26	N	N	N	N	N	N	N	
London-North-Western-North	1069	NW9911	NGD	London Road Jn – Bog Jn (Newcastle Goods lines)	0	00	0	25	N	N	N	N	N	N	N	
